"","year","309_A_E","309_A_L","309_B_E","309_B_L","310_A_E","310_A_L","310_B_E","310_B_L","311_A_E","311_A_L","311_B_E","311_B_L","646_A_E","646_A_L","646_B_E","646_B_L","648_A_E","648_A_L","648_B2E","648_B2L","652_A_E","652_A_L","652_B_E","652_B_L","654_A_E","654_A_L","654_B_E","654_B_L","655_A_E","655_A_L","655_B_E","655_B_L","656_A_E","656_A_L","656_B_E","656_B_L","860_A_E","860_A_L","860_B_E","860_B_L"
"1","1951",0.36,NA,0.254,NA,0.508,NA,0.656,NA,0.126,NA,0.127,NA,0.572,NA,0.298,NA,0.36,NA,0.36,NA,0.36,NA,NA,NA,NA,NA,NA,NA,NA,NA,NA,NA,NA,NA,NA,NA,NA,NA,NA,NA
"2","1952",0.255,NA,0.169,NA,0.572,NA,0.571,NA,0.108,NA,0.087,NA,0.656,NA,0.637,NA,0.445,NA,0.381,NA,0.318,NA,0.72,NA,NA,NA,NA,NA,NA,NA,NA,NA,NA,NA,NA,NA,NA,NA,NA,NA
"3","1953",0.36,NA,0.212,NA,1.207,NA,0.889,NA,0.066,NA,0.085,NA,0.381,NA,0.402,NA,0.402,NA,0.296,NA,0.529,NA,0.381,NA,NA,NA,NA,NA,NA,NA,NA,NA,NA,NA,NA,NA,NA,NA,NA,NA
"4","1954",0.36,NA,0.233,NA,1.228,NA,1.312,NA,0.169,NA,0.064,NA,0.804,NA,0.57,NA,0.275,NA,0.274,NA,0.55,NA,0.53,NA,NA,NA,NA,NA,NA,NA,NA,NA,NA,NA,NA,NA,NA,NA,NA,NA
"5","1955",0.38,NA,0.381,NA,0.889,NA,0.995,NA,0.148,NA,0.085,NA,0.55,NA,0.571,NA,0.233,NA,0.275,NA,0.635,NA,0.593,NA,NA,NA,NA,NA,NA,NA,NA,NA,NA,NA,NA,NA,NA,NA,NA,NA
"6","1956",0.36,NA,0.317,NA,0.678,NA,0.783,NA,0.106,NA,0.125,NA,1.08,NA,0.698,NA,0.254,NA,0.275,NA,0.72,NA,0.551,NA,NA,NA,NA,NA,NA,NA,NA,NA,NA,NA,NA,NA,NA,NA,NA,NA
"7","1957",0.381,NA,0.36,NA,0.635,NA,0.741,NA,0.106,NA,0.148,NA,0.995,NA,0.91,NA,0.339,NA,0.254,NA,0.741,NA,0.635,NA,NA,NA,NA,NA,NA,NA,NA,NA,NA,NA,NA,NA,NA,NA,NA,NA
"8","1958",0.572,NA,0.677,NA,1.016,NA,0.847,NA,0.128,NA,0.127,NA,1.016,NA,0.995,NA,0.508,NA,0.445,NA,0.889,NA,0.593,NA,NA,NA,NA,NA,NA,NA,NA,NA,NA,NA,NA,NA,NA,NA,NA,NA
"9","1959",0.529,NA,0.614,NA,0.762,NA,0.762,NA,0.105,NA,0.087,NA,0.889,NA,0.847,NA,0.424,NA,0.339,NA,1.249,NA,0.614,NA,NA,NA,NA,NA,NA,NA,NA,NA,NA,NA,NA,NA,NA,NA,NA,NA
"10","1960",0.466,NA,0.466,NA,0.931,NA,0.826,NA,0.128,NA,0.085,NA,0.995,NA,0.847,NA,0.402,NA,0.212,NA,1.101,NA,0.996,NA,NA,NA,NA,NA,NA,NA,NA,NA,NA,NA,NA,NA,NA,NA,NA,NA
"11","1961",0.551,NA,0.508,NA,1.122,NA,0.889,NA,0.106,NA,0.085,NA,0.783,NA,0.783,NA,0.572,NA,0.381,NA,1.164,NA,1.164,NA,NA,NA,NA,NA,NA,NA,NA,NA,NA,NA,NA,NA,NA,NA,NA,NA
"12","1962",0.466,NA,0.381,NA,0.847,NA,0.677,NA,0.084,NA,0.042,NA,0.36,NA,0.678,NA,0.466,NA,0.317,NA,1.228,NA,1.101,NA,NA,NA,NA,NA,NA,NA,NA,NA,NA,NA,NA,NA,NA,NA,NA,NA
"13","1963",0.635,NA,0.361,NA,1.101,NA,0.762,NA,0.106,NA,0.148,NA,0.593,NA,0.805,NA,0.656,NA,0.805,NA,1.079,NA,1.228,NA,NA,NA,NA,NA,NA,NA,NA,NA,NA,NA,NA,NA,NA,NA,NA,NA
"14","1964",0.89,NA,0.572,NA,0.91,NA,0.868,NA,0.106,NA,0.106,NA,1.312,NA,0.783,NA,1.312,NA,1.101,NA,0.805,NA,1.271,NA,NA,NA,NA,NA,NA,NA,NA,NA,NA,NA,NA,NA,NA,NA,NA,NA
"15","1965",1.059,NA,0.699,NA,0.741,NA,0.614,NA,0.187,NA,0.148,NA,2.561,NA,3.217,NA,0.995,NA,0.974,NA,0.762,NA,1.186,NA,NA,NA,NA,NA,NA,NA,NA,NA,NA,NA,NA,NA,NA,NA,NA,NA
"16","1966",0.89,NA,0.635,NA,0.55,NA,0.445,NA,0.148,NA,0.148,NA,1.08,NA,1.46,NA,0.487,NA,0.487,NA,0.762,NA,0.783,NA,NA,NA,NA,NA,NA,NA,NA,NA,NA,NA,NA,NA,NA,NA,NA,NA
"17","1967",0.952,NA,0.911,NA,0.551,NA,0.55,NA,0.19,NA,0.297,NA,1.376,NA,2.371,NA,0.805,NA,0.868,NA,0.995,NA,0.869,NA,NA,NA,NA,NA,NA,NA,NA,NA,NA,NA,NA,NA,NA,NA,NA,NA
"18","1968",0.53,NA,0.635,NA,0.423,NA,0.466,NA,0.148,NA,0.169,NA,0.91,NA,1.46,NA,0.487,NA,0.445,NA,1.228,NA,0.868,NA,NA,NA,NA,NA,2.455,NA,NA,NA,NA,NA,NA,NA,NA,NA,NA,NA
"19","1969",0.72,NA,0.742,NA,0.55,NA,0.529,NA,0.191,NA,0.127,NA,0.783,NA,1.058,NA,0.783,NA,0.783,NA,0.783,NA,1.291,NA,NA,NA,NA,NA,2.688,NA,NA,NA,NA,NA,NA,NA,NA,NA,NA,NA
"20","1970",0.805,NA,0.615,NA,0.614,NA,0.55,NA,0.234,NA,0.212,NA,1.037,NA,1.545,NA,0.805,NA,0.635,NA,0.635,NA,1.059,NA,NA,NA,NA,NA,4.276,NA,NA,NA,NA,NA,NA,NA,NA,NA,NA,NA
"21","1971",0.91,NA,0.635,NA,0.635,NA,0.466,NA,0.317,NA,0.276,NA,1.058,NA,2.815,NA,1.207,NA,0.804,NA,0.825,NA,1.165,NA,8.139,NA,NA,NA,2.688,NA,6.034,NA,NA,NA,NA,NA,NA,NA,NA,NA
"22","1972",1.123,NA,0.742,NA,0.719,NA,0.614,NA,0.255,NA,0.212,NA,0.741,NA,1.27,NA,0.931,NA,0.995,NA,0.783,NA,1.123,NA,5.066,NA,NA,NA,3.281,NA,3.811,NA,NA,NA,NA,NA,NA,NA,NA,NA
"23","1973",0.953,NA,0.657,NA,0.677,NA,0.572,NA,0.233,NA,0.212,NA,1.164,NA,0.91,NA,0.931,NA,0.805,NA,0.91,NA,0.868,NA,5.66,NA,NA,NA,2.963,NA,2.858,NA,NA,NA,NA,NA,NA,NA,NA,NA
"24","1974",1.038,NA,0.678,NA,0.614,NA,0.529,NA,0.275,NA,0.254,NA,1.376,NA,1.101,NA,0.635,NA,0.593,NA,0.91,NA,1.037,NA,5.237,NA,11.63,NA,3.006,NA,2.858,NA,NA,NA,NA,NA,NA,NA,NA,NA
"25","1975",1.144,NA,0.933,NA,0.931,NA,0.593,NA,0.254,NA,0.359,NA,2.074,NA,1.207,NA,0.783,NA,0.656,NA,0.762,NA,1.016,NA,5.469,NA,9.588,NA,3.641,NA,2.879,NA,NA,NA,NA,NA,2.669,NA,NA,NA
"26","1976",0.996,NA,0.699,NA,1.057,NA,0.614,NA,0.339,NA,0.339,NA,1.461,NA,1.27,NA,0.572,NA,0.381,NA,0.614,NA,0.847,NA,5.696,NA,6.936,NA,3.281,NA,2.752,NA,NA,NA,NA,NA,2.754,NA,NA,NA
"27","1977",0.848,NA,0.487,NA,0.783,NA,0.593,NA,0.402,NA,0.423,NA,1.439,NA,1.249,NA,0.826,NA,0.677,NA,0.868,NA,0.678,NA,3.852,NA,5.035,NA,2.138,NA,2.943,NA,NA,NA,NA,NA,1.567,NA,NA,NA
"28","1978",0.783,NA,0.318,NA,0.783,NA,0.741,NA,0.297,NA,0.339,NA,1.059,NA,0.741,NA,1.249,NA,1.122,NA,1.164,NA,1.08,NA,2.836,NA,3.704,NA,1.185,NA,1.609,NA,NA,NA,9.443,NA,1.312,NA,NA,NA
"29","1979",0.635,NA,0.382,NA,0.699,NA,0.805,NA,0.254,NA,0.275,NA,0.783,NA,0.677,NA,1.016,NA,0.783,NA,1.122,NA,1.292,NA,2.646,NA,3.152,NA,1.312,NA,1.926,NA,5.714,NA,5.505,NA,1.674,NA,NA,NA
"30","1980",1.016,NA,0.594,NA,0.741,NA,0.783,NA,0.297,NA,0.592,NA,1.291,NA,1.333,NA,1.185,NA,1.016,NA,1.397,NA,1.185,NA,4.402,NA,6.012,NA,1.334,NA,2.096,NA,6.225,NA,7.705,NA,2.286,NA,NA,NA
"31","1981",1.123,NA,0.827,NA,0.953,NA,0.995,NA,0.403,NA,0.55,NA,2.201,NA,1.778,NA,1.461,NA,1.418,NA,1.143,NA,1.567,NA,3.302,NA,4.213,NA,1.27,NA,1.503,NA,6.121,NA,5.927,NA,2.012,NA,4.636,NA
"32","1982",1.08,NA,0.721,NA,0.952,NA,0.741,NA,0.36,NA,0.529,NA,0.91,NA,1.397,NA,0.72,NA,0.699,NA,0.974,NA,1.313,NA,3.471,NA,4.15,NA,1.714,NA,1.249,NA,6.482,NA,6.457,NA,1.948,NA,3.53,NA
"33","1983",1.228,NA,0.805,NA,0.847,NA,0.847,NA,0.36,NA,0.465,NA,1.122,NA,1.037,NA,0.762,NA,0.826,NA,1.058,NA,0.953,NA,2.434,NA,2.922,NA,2.032,NA,1.44,NA,4.47,NA,3.557,NA,1.821,NA,2.296,NA
"34","1984",1.08,NA,1.038,NA,1.058,NA,0.741,NA,0.444,NA,0.444,NA,1.439,NA,1.016,NA,0.635,NA,0.826,NA,1.037,NA,1.228,NA,2.752,NA,3.239,NA,1.905,NA,1.524,NA,4.278,NA,4.022,NA,2.181,NA,2.233,NA
"35","1985",0.911,NA,1.017,NA,0.783,NA,0.699,NA,0.529,NA,0.656,NA,1.016,NA,0.931,NA,0.487,NA,0.614,NA,0.995,NA,1.44,NA,2.413,NA,2.392,NA,1.27,NA,1.524,NA,3.876,NA,3.429,NA,2.075,NA,2.041,NA
"36","1986",0.932,NA,0.931,NA,0.593,NA,0.571,NA,0.508,NA,0.487,NA,0.868,NA,0.783,NA,0.741,NA,0.72,NA,1.461,NA,1.016,NA,2.117,NA,2.414,NA,1.651,NA,0.677,NA,1.42,NA,2.689,NA,1.164,NA,0.914,NA
"37","1987",0.72,NA,0.635,NA,0.741,NA,0.762,NA,0.508,NA,0.635,NA,0.826,NA,0.636,NA,0.572,NA,0.487,NA,0.974,NA,1.377,NA,1.778,NA,1.63,NA,0.995,NA,1.228,NA,2.5,NA,1.99,NA,1.439,NA,0.382,NA
"38","1988",0.847,NA,0.91,NA,0.55,NA,0.699,NA,0.72,NA,0.635,NA,1.098,NA,0.974,NA,0.699,NA,0.635,NA,0.952,NA,1.059,NA,2.265,NA,1.969,NA,0.889,NA,0.995,NA,3.326,NA,3.472,NA,1.313,NA,3.543,NA
"39","1989",0.91,NA,0.742,NA,0.381,NA,0.445,NA,0.783,NA,0.678,NA,0.974,NA,1.376,NA,0.805,NA,0.55,NA,0.762,NA,0.868,NA,1.947,NA,1.948,NA,1.799,NA,0.91,NA,2.097,NA,2.265,NA,1.164,NA,1.949,NA
"40","1990",1.059,NA,0.7,NA,0.699,NA,0.783,NA,1.016,NA,1.08,NA,1.715,NA,2.985,NA,0.868,NA,0.783,NA,0.783,NA,0.762,NA,2.498,NA,2.159,NA,0.974,NA,1.355,NA,2.33,NA,2.456,NA,1.736,NA,1.992,NA
"41","1991",0.571,NA,0.424,NA,0.508,NA,0.508,NA,0.91,NA,0.932,NA,1.185,NA,2.519,NA,0.889,NA,0.826,NA,0.783,NA,0.741,NA,1.185,NA,1.503,NA,1.651,NA,0.783,NA,3.001,NA,1.948,NA,1.016,NA,1.207,NA
"42","1992",0.678,NA,0.551,NA,0.55,NA,0.466,NA,1.207,NA,1.504,NA,1.334,NA,2.159,NA,0.931,NA,0.762,NA,0.72,NA,0.762,NA,1.609,NA,1.927,NA,0.487,NA,0.889,NA,2.012,NA,2.032,NA,1.313,NA,1.546,NA
"43","1993",0.551,NA,0.339,NA,0.572,NA,0.551,NA,0.911,NA,1.122,NA,0.656,NA,0.868,NA,0.529,NA,0.529,NA,0.72,NA,0.783,NA,0.931,NA,1.016,NA,0.889,NA,0.423,NA,1.355,NA,0.826,NA,0.635,NA,0.827,NA
"44","1994",0.783,NA,0.763,NA,0.635,NA,0.635,NA,0.741,NA,0.995,NA,0.825,NA,1.249,NA,0.91,NA,0.762,NA,0.847,NA,0.72,NA,1.693,NA,1.736,NA,0.656,NA,0.72,NA,2.075,NA,1.863,NA,1.016,NA,1.376,NA
"45","1995",0.761,NA,0.678,NA,0.698,NA,0.656,NA,0.847,NA,0.91,NA,1.99,NA,1.439,NA,0.974,NA,0.847,NA,0.847,NA,0.762,NA,1.418,NA,1.292,NA,0.614,NA,0.508,NA,1.503,NA,1.566,NA,0.91,NA,0.911,NA
"46","1996",0.826,NA,1.207,NA,0.889,NA,0.953,NA,1.164,NA,1.016,NA,2.096,NA,2.731,NA,0.931,NA,0.889,NA,0.741,NA,0.72,NA,2.053,NA,2.054,NA,0.656,NA,0.551,NA,1.673,NA,1.588,NA,0.741,NA,1.038,NA
"47","1997",0.953,NA,1.208,NA,0.974,NA,1.079,NA,1.651,NA,1.101,NA,3.98,NA,5.229,NA,1.82,NA,1.461,NA,0.677,NA,0.657,NA,1.651,NA,1.652,NA,0.889,NA,0.572,NA,1.588,NA,1.185,NA,0.762,NA,0.889,NA
"48","1998",0.91,NA,1.271,NA,1.08,NA,1.65,NA,1.673,NA,1.143,NA,4.361,NA,3.852,NA,1.673,NA,1.291,NA,0.677,NA,0.783,NA,1.545,NA,1.609,NA,0.571,NA,0.551,NA,1.905,NA,1.545,NA,0.656,NA,0.531,NA
"49","1999",0.656,NA,0.741,NA,0.762,NA,0.826,NA,1.27,NA,1.143,NA,2.477,NA,1.143,NA,1.312,NA,1.228,NA,0.635,NA,0.614,NA,1.185,NA,1.039,NA,0.952,NA,0.402,NA,1.334,NA,1.376,NA,0.382,NA,0.424,NA
"50","2000",0.656,NA,0.847,NA,0.783,NA,0.91,NA,1.503,NA,1.229,NA,2.815,NA,1.185,NA,0.995,NA,0.931,NA,0.593,NA,0.571,NA,1.291,NA,1.122,NA,0.974,NA,0.529,NA,1.652,NA,1.482,NA,0.056,NA,0.487,NA
"51","2001",0.614,NA,0.974,NA,0.762,NA,0.805,NA,1.525,NA,1.207,NA,3.323,NA,2.561,NA,1.122,NA,1.08,NA,0.635,NA,0.699,NA,1.334,NA,1.291,NA,0.953,NA,0.656,NA,1.249,NA,1.376,NA,0.762,NA,1.123,NA
"52","2002",0.869,NA,1.123,NA,0.72,NA,0.699,NA,1.185,NA,1.312,NA,1.905,NA,1.207,NA,1.308,NA,1.502,NA,0.593,NA,0.72,NA,1.355,NA,1.355,NA,0.593,NA,0.699,NA,1.63,NA,1.927,NA,1.186,NA,1.504,NA
"53","2003",0.741,NA,0.783,NA,0.635,NA,0.678,NA,1.059,NA,0.89,NA,1.334,NA,0.974,NA,0.931,NA,0.677,NA,0.656,NA,0.487,NA,1.397,NA,1.228,NA,0.889,NA,0.403,NA,0.995,NA,1.143,NA,0.72,NA,1.017,NA
"54","2004",0.91,NA,0.762,NA,0.487,NA,0.55,NA,1.079,NA,0.868,NA,1.164,NA,0.847,NA,1.588,NA,1.291,NA,0.762,NA,0.678,NA,1.249,NA,1.101,NA,1.016,NA,0.635,NA,1.334,NA,1.397,NA,0.974,NA,1.017,NA
"55","2005",1.08,NA,0.89,NA,0.529,NA,0.508,NA,1.292,NA,1.185,NA,1.143,NA,1.355,NA,1.355,NA,1.249,NA,0.804,NA,0.868,NA,1.312,NA,1.291,NA,1.228,NA,0.805,NA,1.355,NA,1.545,NA,1.397,NA,0.995,NA
"56","2006",1.038,NA,0.636,NA,0.698,NA,0.699,NA,1.185,NA,1.123,NA,1.101,NA,0.974,NA,1.016,NA,1.736,NA,0.741,NA,0.995,NA,1.27,NA,1.249,NA,1.016,NA,0.508,NA,1.249,NA,1.482,NA,1.249,NA,1.08,NA
"57","2007",0.868,NA,0.593,NA,0.55,NA,0.741,NA,0.995,NA,1.25,NA,0.826,NA,0.614,NA,1.037,NA,1.291,NA,0.741,NA,0.995,NA,1.143,NA,0.953,NA,0.381,NA,0.571,NA,1.101,NA,1.291,NA,1.122,NA,1.059,NA
"58","2008",0.889,NA,0.762,NA,0.614,NA,0.72,NA,1.037,NA,1.185,NA,0.678,NA,0.762,NA,0.572,NA,0.741,NA,0.55,NA,1.037,NA,1.164,NA,1.037,NA,0.445,NA,0.275,NA,1.271,NA,1.609,NA,1.165,NA,1.313,NA
"59","2009",0.699,NA,0.678,NA,0.55,NA,0.698,NA,0.868,NA,0.995,NA,0.72,NA,0.656,NA,0.551,NA,0.72,NA,0.72,NA,0.699,NA,1.249,NA,1.164,NA,1.287,NA,0.339,NA,1.186,NA,1.566,NA,0.847,NA,0.953,NA
"60","2010",0.614,NA,0.826,NA,0.529,NA,0.804,NA,0.995,NA,0.825,NA,0.762,NA,0.72,NA,0.783,NA,1.164,NA,0.741,NA,0.762,NA,1.249,NA,1.291,NA,0.804,NA,0.614,NA,0.783,NA,1.503,NA,0.741,NA,1.039,NA
"61","2011",0.826,NA,0.827,NA,0.614,NA,1.185,NA,1.08,NA,0.953,NA,0.762,NA,0.868,NA,0.868,NA,0.974,NA,0.635,NA,0.805,NA,1.27,NA,1.27,NA,1.312,NA,0.741,NA,0.932,NA,1.228,NA,0.677,NA,0.699,NA
"62","2012",0.699,NA,0.53,NA,0.741,NA,1.101,NA,1.1,NA,0.953,NA,0.699,NA,0.593,NA,0.868,NA,1.122,NA,0.72,NA,0.72,NA,1.503,NA,1.355,NA,1.99,NA,0.826,NA,1.228,NA,1.418,NA,0.889,NA,0.869,NA
"63","2013",0.508,NA,0.424,NA,0.614,NA,0.72,NA,1.08,NA,1.271,NA,0.635,NA,0.339,NA,0.804,NA,0.804,NA,0.72,NA,0.656,NA,1.397,NA,1.291,NA,2.35,NA,1.228,NA,1.228,NA,1.588,NA,0.678,NA,0.974,NA
"64","2014",0.635,NA,0.551,NA,0.677,NA,0.953,NA,1.207,NA,1.101,NA,0.741,NA,0.572,NA,0.974,NA,0.931,NA,0.804,NA,0.635,NA,1.482,NA,1.27,NA,1.842,NA,1.439,NA,1.672,NA,1.799,NA,0.783,NA,0.678,NA
"65","2015",0.656,NA,0.529,NA,0.55,NA,0.571,NA,1.016,NA,0.826,NA,0.529,NA,0.466,NA,0.826,NA,0.741,NA,0.529,NA,0.953,NA,1.524,NA,1.736,NA,1.355,NA,1.164,NA,2.223,NA,2.244,NA,1.016,NA,0.931,NA
"66","2016",0.635,NA,0.551,NA,0.466,NA,0.805,NA,0.783,NA,0.677,NA,0.678,NA,0.508,NA,0.614,NA,0.741,NA,0.678,NA,0.805,NA,1.333,NA,1.207,NA,0.847,NA,1.079,NA,1.249,NA,1.418,NA,0.678,NA,0.72,NA
"67","2017",0.508,NA,0.551,NA,0.508,NA,0.698,NA,0.826,NA,0.678,NA,0.656,NA,0.719,NA,0.508,NA,0.383,NA,0.677,NA,0.847,NA,0.931,NA,0.868,NA,1.164,NA,0.868,NA,0.89,NA,1.037,NA,0.614,NA,0.635,NA
"68","2018",0.635,NA,0.635,NA,0.55,NA,0.698,NA,1.249,NA,1.398,NA,0.678,NA,0.762,NA,0.551,NA,0.36,NA,0.91,NA,0.572,NA,1.058,NA,0.931,NA,0.995,NA,0.995,NA,0.995,NA,1.27,NA,0.826,NA,0.783,NA
"69","2019",0.572,NA,0.572,NA,0.593,NA,0.72,NA,0.889,NA,0.91,NA,0.656,NA,0.741,NA,0.487,NA,0.548,NA,0.825,NA,1.079,NA,1.164,NA,1.186,NA,1.312,NA,0.889,NA,1.08,NA,1.059,NA,0.635,NA,0.678,NA
"70","2020",0.635,NA,0.72,NA,0.614,NA,0.635,NA,2.181,NA,3.366,NA,0.593,NA,0.614,NA,0.635,NA,0.486,NA,0.826,NA,0.55,NA,1.968,NA,1.715,NA,1.778,NA,1.439,NA,1.821,NA,1.969,NA,1.059,NA,0.975,NA
"71","2021",0.699,NA,0.678,NA,0.508,NA,0.741,NA,1.736,NA,2.923,NA,0.508,NA,0.719,NA,0.635,NA,0.593,NA,0.804,NA,1.059,NA,1.947,NA,1.715,NA,1.947,NA,1.418,NA,2.011,NA,2.011,NA,1.164,NA,1.228,NA
"72","2022",0.551,NA,0.444,NA,0.508,NA,0.572,NA,1.482,NA,2.244,NA,0.361,NA,0.677,NA,0.572,NA,0.402,NA,0.762,NA,1.292,NA,2.688,NA,2.477,NA,1.27,NA,1.334,NA,1.482,NA,1.609,NA,1.249,NA,1.313,NA
"73","2023",0.614,NA,0.55,NA,0.36,NA,0.339,NA,1.164,NA,1.017,NA,0.381,NA,0.529,NA,0.487,NA,0.403,NA,0.466,NA,1.166,NA,1.588,NA,1.566,NA,0.699,NA,2.244,NA,1.08,NA,1.545,NA,1.037,NA,1.08,NA
"74","2024",0.53,NA,0.359,NA,0.296,NA,0.233,NA,1.164,NA,0.932,NA,0.381,NA,0.212,NA,0.487,NA,0.36,NA,0.487,NA,1.016,NA,2.159,NA,2.371,NA,1.397,NA,1.376,NA,1.228,NA,1.101,NA,NA,NA,NA,NA
"75","1951",NA,0.233,NA,0.234,NA,0.508,NA,0.444,NA,0.087,NA,0.064,NA,0.339,NA,0.676,NA,0.317,NA,0.254,NA,0.297,NA,NA,NA,NA,NA,NA,NA,NA,NA,NA,NA,NA,NA,NA,NA,NA,NA,NA
"76","1952",NA,0.233,NA,0.276,NA,0.741,NA,0.635,NA,0.042,NA,0.042,NA,0.699,NA,1.057,NA,0.444,NA,0.36,NA,0.318,NA,NA,NA,NA,NA,NA,NA,NA,NA,NA,NA,NA,NA,NA,NA,NA,NA,NA
"77","1953",NA,0.296,NA,0.276,NA,0.72,NA,1.016,NA,0.063,NA,0.063,NA,0.339,NA,0.889,NA,0.275,NA,0.466,NA,0.403,NA,0.36,NA,NA,NA,NA,NA,NA,NA,NA,NA,NA,NA,NA,NA,NA,NA,NA
"78","1954",NA,0.254,NA,0.381,NA,1.058,NA,1.185,NA,0.064,NA,0.106,NA,0.805,NA,0.825,NA,0.19,NA,0.212,NA,1.355,NA,0.381,NA,NA,NA,NA,NA,NA,NA,NA,NA,NA,NA,NA,NA,NA,NA,NA
"79","1955",NA,0.191,NA,0.213,NA,0.91,NA,0.995,NA,0.085,NA,0.085,NA,1.037,NA,1.101,NA,0.234,NA,0.297,NA,0.995,NA,1.016,NA,NA,NA,NA,NA,NA,NA,NA,NA,NA,NA,NA,NA,NA,NA,NA
"80","1956",NA,0.297,NA,0.381,NA,0.804,NA,0.741,NA,0.064,NA,0.065,NA,0.91,NA,1.503,NA,0.296,NA,0.296,NA,0.847,NA,0.741,NA,NA,NA,NA,NA,NA,NA,NA,NA,NA,NA,NA,NA,NA,NA,NA
"81","1957",NA,0.275,NA,0.36,NA,0.614,NA,0.55,NA,0.064,NA,0.042,NA,0.974,NA,0.91,NA,0.403,NA,0.296,NA,0.91,NA,0.551,NA,NA,NA,NA,NA,NA,NA,NA,NA,NA,NA,NA,NA,NA,NA,NA
"82","1958",NA,0.213,NA,0.192,NA,0.551,NA,0.826,NA,0.084,NA,0.021,NA,0.614,NA,0.783,NA,0.318,NA,0.275,NA,0.889,NA,0.572,NA,NA,NA,NA,NA,NA,NA,NA,NA,NA,NA,NA,NA,NA,NA,NA
"83","1959",NA,0.212,NA,0.212,NA,0.572,NA,0.635,NA,0.128,NA,0.063,NA,0.529,NA,0.698,NA,0.275,NA,0.36,NA,1.016,NA,0.762,NA,NA,NA,NA,NA,NA,NA,NA,NA,NA,NA,NA,NA,NA,NA,NA
"84","1960",NA,0.508,NA,0.53,NA,0.741,NA,0.952,NA,0.148,NA,0.042,NA,1.08,NA,1.058,NA,0.381,NA,0.572,NA,1.079,NA,0.889,NA,NA,NA,NA,NA,NA,NA,NA,NA,NA,NA,NA,NA,NA,NA,NA
"85","1961",NA,0.275,NA,0.487,NA,0.593,NA,0.868,NA,0.085,NA,0.042,NA,0.254,NA,0.296,NA,0.275,NA,0.466,NA,0.952,NA,0.974,NA,NA,NA,NA,NA,NA,NA,NA,NA,NA,NA,NA,NA,NA,NA,NA
"86","1962",NA,0.551,NA,0.508,NA,0.783,NA,0.974,NA,0.087,NA,0.042,NA,0.275,NA,0.487,NA,0.466,NA,0.572,NA,1.693,NA,0.826,NA,NA,NA,NA,NA,NA,NA,NA,NA,NA,NA,NA,NA,NA,NA,NA
"87","1963",NA,0.762,NA,0.827,NA,0.72,NA,1.016,NA,0.063,NA,0.064,NA,0.868,NA,1.143,NA,0.571,NA,0.614,NA,2.096,NA,1.334,NA,NA,NA,NA,NA,NA,NA,NA,NA,NA,NA,NA,NA,NA,NA,NA
"88","1964",NA,0.508,NA,0.614,NA,0.741,NA,0.656,NA,0.064,NA,0.064,NA,0.868,NA,1.016,NA,0.508,NA,0.487,NA,1.566,NA,1.948,NA,NA,NA,NA,NA,NA,NA,NA,NA,NA,NA,NA,NA,NA,NA,NA
"89","1965",NA,1.059,NA,1.08,NA,0.656,NA,0.593,NA,0.047,NA,0.085,NA,0.91,NA,0.932,NA,0.55,NA,0.508,NA,0.677,NA,0.91,NA,NA,NA,NA,NA,NA,NA,NA,NA,NA,NA,NA,NA,NA,NA,NA
"90","1966",NA,0.72,NA,0.551,NA,0.381,NA,0.36,NA,0.042,NA,0.064,NA,1.143,NA,1.609,NA,0.508,NA,0.505,NA,0.339,NA,0.593,NA,NA,NA,NA,NA,NA,NA,NA,NA,NA,NA,NA,NA,NA,NA,NA
"91","1967",NA,0.486,NA,0.53,NA,0.529,NA,0.487,NA,0.085,NA,0,NA,0.762,NA,1.164,NA,0.487,NA,0.317,NA,0.275,NA,0.423,NA,NA,NA,NA,NA,NA,NA,NA,NA,NA,NA,NA,NA,NA,NA,NA
"92","1968",NA,0.233,NA,0.381,NA,0.55,NA,0.508,NA,0.042,NA,0.021,NA,0.72,NA,0.953,NA,0.402,NA,0.317,NA,0.656,NA,0.466,NA,NA,NA,NA,NA,1.037,NA,NA,NA,NA,NA,NA,NA,NA,NA,NA
"93","1969",NA,0.572,NA,0.381,NA,0.508,NA,0.487,NA,0.063,NA,0.106,NA,1.355,NA,2.455,NA,0.635,NA,0.487,NA,2.074,NA,0.445,NA,NA,NA,NA,NA,1.058,NA,NA,NA,NA,NA,NA,NA,NA,NA,NA
"94","1970",NA,0.53,NA,0.381,NA,0.423,NA,0.339,NA,0.127,NA,0.064,NA,0.974,NA,1.143,NA,0.487,NA,0.529,NA,1.185,NA,2.244,NA,NA,NA,NA,NA,1.376,NA,NA,NA,NA,NA,NA,NA,NA,NA,NA
"95","1971",NA,0.614,NA,0.551,NA,0.444,NA,0.487,NA,0.148,NA,0.085,NA,0.931,NA,0.508,NA,0.529,NA,0.487,NA,1.926,NA,1.461,NA,1.908,NA,NA,NA,1.333,NA,2.244,NA,NA,NA,NA,NA,NA,NA,NA
"96","1972",NA,0.889,NA,0.889,NA,0.593,NA,0.677,NA,0.148,NA,0.106,NA,0.91,NA,0.868,NA,1.037,NA,0.508,NA,0.783,NA,1.461,NA,1.441,NA,NA,NA,2.011,NA,1.803,NA,NA,NA,NA,NA,NA,NA,NA
"97","1973",NA,0.678,NA,0.508,NA,0.466,NA,0.423,NA,0.106,NA,0.106,NA,0.762,NA,0.699,NA,0.656,NA,0.656,NA,0.424,NA,0.593,NA,1.759,NA,NA,NA,1.693,NA,3.62,NA,NA,NA,NA,NA,NA,NA,NA
"98","1974",NA,0.529,NA,0.36,NA,0.423,NA,0.402,NA,0.297,NA,0.169,NA,0.72,NA,0.635,NA,0.423,NA,0.55,NA,0.381,NA,0.275,NA,2.267,NA,2.531,NA,1.947,NA,2.307,NA,NA,NA,NA,NA,NA,NA,NA
"99","1975",NA,0.868,NA,0.867,NA,0.614,NA,1.037,NA,0.296,NA,0.149,NA,1.651,NA,1.291,NA,0.593,NA,0.635,NA,0.466,NA,0.339,NA,1.463,NA,1.314,NA,1.143,NA,2.286,NA,NA,NA,NA,NA,2.603,NA,NA
"100","1976",NA,0.656,NA,0.614,NA,0.826,NA,1.08,NA,0.656,NA,0.445,NA,1.588,NA,1.101,NA,0.444,NA,0.021,NA,1.418,NA,0.635,NA,1.852,NA,1.172,NA,1.037,NA,1.778,NA,NA,NA,NA,NA,0.931,NA,NA
"101","1977",NA,0.444,NA,0.466,NA,0.529,NA,0.804,NA,0.275,NA,0.255,NA,0.783,NA,0.656,NA,0.508,NA,0.551,NA,0.91,NA,0.932,NA,1.122,NA,1.445,NA,1.418,NA,1.461,NA,NA,NA,NA,NA,1.016,NA,NA
"102","1978",NA,0.762,NA,0.783,NA,0.889,NA,1.016,NA,0.254,NA,0.148,NA,0.953,NA,0.762,NA,0.55,NA,0.551,NA,1.44,NA,0.932,NA,2.034,NA,2.288,NA,0.868,NA,2.307,NA,NA,NA,5.08,NA,1.333,NA,NA
"103","1979",NA,0.551,NA,0.445,NA,0.466,NA,0.339,NA,0.233,NA,0.212,NA,0.677,NA,0.572,NA,0.571,NA,0.571,NA,0.36,NA,1.228,NA,1.99,NA,1.611,NA,0.826,NA,0.995,NA,2.541,NA,3.133,NA,2.371,NA,NA
"104","1980",NA,0.699,NA,0.487,NA,0.593,NA,0.487,NA,0.36,NA,0.445,NA,0.678,NA,0.635,NA,0.55,NA,0.699,NA,1.46,NA,0.445,NA,1.948,NA,1.355,NA,0.972,NA,0.826,NA,3.048,NA,2.138,NA,2.564,NA,NA
"105","1981",NA,0.974,NA,0.699,NA,1.037,NA,0.889,NA,0.338,NA,0.339,NA,1.016,NA,0.995,NA,0.296,NA,0.487,NA,0.762,NA,1.312,NA,1.905,NA,1.63,NA,1.418,NA,1.101,NA,3.538,NA,2.604,NA,1.947,NA,2.392
"106","1982",NA,0.762,NA,0.656,NA,0.974,NA,1.016,NA,0.36,NA,0.297,NA,0.783,NA,0.656,NA,0.423,NA,0.508,NA,0.444,NA,1.185,NA,2.265,NA,2.646,NA,2.498,NA,1.482,NA,3.727,NA,2.117,NA,1.821,NA,2.02
"107","1983",NA,1.419,NA,1.165,NA,1.503,NA,1.291,NA,0.381,NA,0.276,NA,1.948,NA,1.968,NA,0.508,NA,0.423,NA,0.614,NA,0.487,NA,2.498,NA,2.985,NA,1.609,NA,2.413,NA,3.368,NA,2.604,NA,2.118,NA,2.892
"108","1984",NA,0.889,NA,0.614,NA,0.825,NA,1.058,NA,0.381,NA,0.508,NA,0.741,NA,0.847,NA,0.275,NA,0.233,NA,1.207,NA,0.889,NA,1.968,NA,1.821,NA,0.995,NA,1.461,NA,2.585,NA,1.736,NA,1.461,NA,1.51
"109","1985",NA,0.466,NA,0.466,NA,0.466,NA,0.423,NA,0.339,NA,0.339,NA,0.55,NA,0.952,NA,0.275,NA,0.254,NA,0.445,NA,1.059,NA,1.46,NA,1.44,NA,0.889,NA,1.27,NA,1.737,NA,1.207,NA,1.398,NA,1.552
"110","1986",NA,0.612,NA,0.89,NA,0.572,NA,0.508,NA,0.424,NA,0.508,NA,0.508,NA,0.699,NA,0.487,NA,0.423,NA,1.185,NA,0.593,NA,1.418,NA,1.651,NA,1.291,NA,1.185,NA,1.568,NA,1.312,NA,1.588,NA,1.361
"111","1987",NA,0.656,NA,0.805,NA,0.487,NA,0.445,NA,0.635,NA,0.53,NA,0.021,NA,0.613,NA,0.381,NA,0.317,NA,0.614,NA,1.376,NA,1.778,NA,2.054,NA,0.847,NA,1.969,NA,2.096,NA,2.562,NA,1.525,NA,1.638
"112","1988",NA,0.424,NA,0.635,NA,0.55,NA,0.444,NA,0.529,NA,0.444,NA,0.72,NA,0.698,NA,0.381,NA,0.36,NA,0.403,NA,0.614,NA,1.651,NA,1.842,NA,1.418,NA,1.207,NA,1.822,NA,2.244,NA,1.291,NA,3.944
"113","1989",NA,0.868,NA,0.91,NA,0.424,NA,0.339,NA,1.355,NA,1.207,NA,0.931,NA,1.545,NA,0.444,NA,0.656,NA,0.233,NA,0.402,NA,2.307,NA,2.435,NA,0.974,NA,2.159,NA,1.927,NA,2.625,NA,1.419,NA,2.246
"114","1990",NA,0.656,NA,1.037,NA,1.101,NA,1.164,NA,0.995,NA,0.995,NA,0.995,NA,0.847,NA,0.423,NA,0.466,NA,0.593,NA,0.212,NA,1.715,NA,2.477,NA,1.207,NA,1.27,NA,1.42,NA,1.757,NA,1.016,NA,1.589
"115","1991",NA,0.234,NA,0.53,NA,0.826,NA,0.847,NA,1.482,NA,1.566,NA,0.931,NA,1.27,NA,0.55,NA,0.55,NA,0.678,NA,0.382,NA,1.355,NA,1.334,NA,1.079,NA,1.693,NA,1.297,NA,1.693,NA,1.186,NA,1.546
"116","1992",NA,0.381,NA,0.89,NA,0.635,NA,0.572,NA,1.922,NA,1.524,NA,1.08,NA,1.376,NA,0.55,NA,0.572,NA,0.444,NA,0.423,NA,1.08,NA,1.27,NA,0.741,NA,1.291,NA,1.525,NA,1.905,NA,1.715,NA,1.864
"117","1993",NA,0.148,NA,0.614,NA,0.423,NA,0.381,NA,1.228,NA,1.228,NA,0.656,NA,1.228,NA,0.656,NA,0.656,NA,0.635,NA,0.276,NA,0.995,NA,1.037,NA,0.995,NA,0.805,NA,0.91,NA,1.228,NA,1.186,NA,1.186
"118","1994",NA,0.127,NA,0.572,NA,0.508,NA,0.381,NA,0.677,NA,0.91,NA,0.614,NA,0.805,NA,0.402,NA,0.318,NA,0.72,NA,0.233,NA,1.143,NA,1.101,NA,0.826,NA,1.312,NA,1.186,NA,1.355,NA,1.164,NA,1.461
"119","1995",NA,0.108,NA,0.424,NA,0.572,NA,0.593,NA,1.144,NA,1.419,NA,0.656,NA,1.08,NA,0.529,NA,0.593,NA,1.143,NA,0.339,NA,1.122,NA,1.058,NA,0.91,NA,1.185,NA,1.207,NA,1.186,NA,1.08,NA,1.503
"120","1996",NA,0.466,NA,0.783,NA,1.016,NA,0.868,NA,1.948,NA,1.905,NA,0.974,NA,0.995,NA,0.656,NA,0.741,NA,1.058,NA,0.783,NA,1.46,NA,1.355,NA,0.741,NA,1.058,NA,0.91,NA,1.016,NA,0.974,NA,1.059
"121","1997",NA,0.805,NA,1.059,NA,1.397,NA,1.27,NA,2.838,NA,2.244,NA,0.72,NA,0.635,NA,0.487,NA,0.551,NA,1.418,NA,1.101,NA,1.334,NA,1.291,NA,0.783,NA,0.931,NA,1.207,NA,1.185,NA,1.08,NA,1.334
"122","1998",NA,0.889,NA,0.996,NA,1.206,NA,0.615,NA,2.181,NA,1.863,NA,0.953,NA,0.592,NA,0.402,NA,0.466,NA,0.931,NA,0.572,NA,0.847,NA,0.847,NA,1.101,NA,0.846,NA,1.165,NA,1.249,NA,0.974,NA,1.545
"123","1999",NA,0.424,NA,0.89,NA,0.909,NA,0.783,NA,1.207,NA,0.974,NA,2.054,NA,1.587,NA,0.741,NA,0.72,NA,0.698,NA,0.614,NA,0.868,NA,0.867,NA,0.826,NA,1.609,NA,1.186,NA,0.974,NA,0.953,NA,1.08
"124","2000",NA,0.444,NA,0.869,NA,0.889,NA,0.72,NA,1.927,NA,1.291,NA,0.889,NA,1.312,NA,0.698,NA,0.572,NA,0.571,NA,0.445,NA,0.847,NA,0.783,NA,0.868,NA,1.249,NA,1.165,NA,1.101,NA,0.695,NA,1.165
"125","2001",NA,0.91,NA,1.229,NA,1.291,NA,1.291,NA,1.482,NA,1.228,NA,0.698,NA,0.783,NA,0.741,NA,0.677,NA,0.593,NA,0.296,NA,1.037,NA,0.868,NA,0.741,NA,1.101,NA,1.165,NA,1.143,NA,1.312,NA,1.44
"126","2002",NA,0.487,NA,0.783,NA,0.805,NA,0.762,NA,0.678,NA,0.678,NA,0.762,NA,0.868,NA,0.529,NA,0.381,NA,0.402,NA,0.53,NA,0.593,NA,0.55,NA,0.487,NA,0.847,NA,0.741,NA,0.698,NA,1.058,NA,1.228
"127","2003",NA,0.339,NA,0.805,NA,0.572,NA,0.571,NA,0.572,NA,0.931,NA,0.868,NA,1.08,NA,0.402,NA,0.529,NA,0.36,NA,0.403,NA,0.444,NA,0.424,NA,1.228,NA,0.508,NA,0.678,NA,0.783,NA,0.889,NA,0.868
"128","2004",NA,0.593,NA,1.038,NA,0.466,NA,0.466,NA,1.059,NA,1.419,NA,1.059,NA,1.143,NA,0.466,NA,0.72,NA,0.487,NA,0.381,NA,0.677,NA,0.678,NA,1.016,NA,1.545,NA,0.975,NA,1.143,NA,1.101,NA,1.178
"129","2005",NA,0.635,NA,0.995,NA,0.529,NA,0.529,NA,0.868,NA,1.164,NA,0.889,NA,0.826,NA,0.402,NA,0.444,NA,0.593,NA,0.36,NA,0.635,NA,0.614,NA,1.397,NA,1.143,NA,1.186,NA,1.27,NA,0.847,NA,0.975
"130","2006",NA,0.572,NA,0.995,NA,0.677,NA,0.614,NA,0.889,NA,1.439,NA,0.593,NA,0.656,NA,0.741,NA,0.487,NA,0.974,NA,0.762,NA,0.699,NA,0.529,NA,0.952,NA,2.011,NA,1.228,NA,1.122,NA,1.08,NA,1.228
"131","2007",NA,0.741,NA,0.679,NA,0.656,NA,0.445,NA,0.741,NA,0.932,NA,0.614,NA,0.825,NA,0.36,NA,0.403,NA,0.402,NA,0.805,NA,0.487,NA,0.445,NA,0.402,NA,1.228,NA,1.207,NA,1.334,NA,1.207,NA,1.461
"132","2008",NA,0.487,NA,0.508,NA,0.402,NA,0.444,NA,0.466,NA,0.614,NA,0.571,NA,0.72,NA,0.296,NA,0.36,NA,0.36,NA,0.593,NA,0.529,NA,0.529,NA,0.466,NA,0.551,NA,1.291,NA,1.122,NA,0.889,NA,1.165
"133","2009",NA,0.36,NA,0.36,NA,0.55,NA,0.53,NA,0.508,NA,0.932,NA,0.36,NA,0.593,NA,0.275,NA,0.085,NA,0.169,NA,0.487,NA,0.466,NA,0.445,NA,0.55,NA,0.466,NA,0.699,NA,1.037,NA,0.72,NA,0.805
"134","2010",NA,0.445,NA,0.656,NA,0.55,NA,0.466,NA,0.804,NA,1.291,NA,0.635,NA,0.677,NA,0.698,NA,0.487,NA,0.466,NA,0.296,NA,0.699,NA,0.656,NA,1.228,NA,1.058,NA,0.571,NA,0.804,NA,0.847,NA,0.93
"135","2011",NA,0.656,NA,0.699,NA,0.868,NA,0.55,NA,0.91,NA,0.996,NA,0.635,NA,0.741,NA,0.36,NA,0.423,NA,0.402,NA,0.551,NA,0.677,NA,0.699,NA,1.291,NA,1.63,NA,0.889,NA,1.08,NA,0.783,NA,0.953
"136","2012",NA,0.317,NA,0.19,NA,0.656,NA,0.762,NA,0.869,NA,0.762,NA,0.444,NA,0.656,NA,0.423,NA,0.423,NA,0.317,NA,0.402,NA,0.699,NA,0.551,NA,2.879,NA,1.397,NA,1.038,NA,1.016,NA,0.826,NA,1.08
"137","2013",NA,0.169,NA,0.213,NA,0.783,NA,0.783,NA,1.08,NA,0.635,NA,0.339,NA,0.508,NA,0.402,NA,0.466,NA,0.233,NA,0.36,NA,0.868,NA,0.678,NA,2.413,NA,3.429,NA,1.419,NA,1.461,NA,1.059,NA,1.186
"138","2014",NA,0.424,NA,0.508,NA,0.783,NA,0.593,NA,1.185,NA,1.038,NA,0.445,NA,0.593,NA,0.254,NA,0.296,NA,0.318,NA,0.255,NA,1.016,NA,1.059,NA,1.079,NA,2.498,NA,1.673,NA,1.821,NA,0.868,NA,0.975
"139","2015",NA,0.254,NA,0.381,NA,0.466,NA,0.466,NA,0.805,NA,0.762,NA,0.275,NA,0.508,NA,0.212,NA,0.317,NA,0.317,NA,0.466,NA,0.508,NA,0.55,NA,1.334,NA,1.545,NA,1.228,NA,1.228,NA,0.826,NA,0.827
"140","2016",NA,0.19,NA,0.297,NA,0.423,NA,0.233,NA,0.889,NA,0.847,NA,0.106,NA,0.529,NA,0.36,NA,0.211,NA,0.339,NA,0.297,NA,0.804,NA,0.804,NA,0.889,NA,1.926,NA,1.292,NA,1.27,NA,0.932,NA,1.038
"141","2017",NA,0.212,NA,0.275,NA,0.296,NA,0.254,NA,0.889,NA,0.868,NA,0.254,NA,0.381,NA,0.296,NA,0.296,NA,0.339,NA,0.402,NA,0.466,NA,0.424,NA,1.101,NA,1.588,NA,0.972,NA,0.91,NA,0.72,NA,0.783
"142","2018",NA,0.296,NA,0.276,NA,0.508,NA,0.381,NA,1.144,NA,0.952,NA,0.19,NA,0.254,NA,0.254,NA,0.339,NA,0.339,NA,0.657,NA,0.635,NA,0.656,NA,1.185,NA,1.206,NA,0.72,NA,0.847,NA,0.678,NA,0.742
"143","2019",NA,0.466,NA,0.466,NA,0.529,NA,0.36,NA,2.477,NA,3.494,NA,0.657,NA,0.678,NA,0.317,NA,0.256,NA,0.551,NA,0.318,NA,1.164,NA,1.164,NA,1.842,NA,1.313,NA,0.953,NA,1.016,NA,0.762,NA,0.72
"144","2020",NA,0.466,NA,0.445,NA,0.508,NA,0.466,NA,2.774,NA,2.647,NA,0.719,NA,0.466,NA,0.19,NA,0.212,NA,0.423,NA,0.741,NA,1.312,NA,1.376,NA,1.884,NA,2.074,NA,1.313,NA,1.672,NA,1.101,NA,1.101
"145","2021",NA,0.382,NA,0.593,NA,0.444,NA,0.254,NA,1.673,NA,1.799,NA,0.889,NA,0.424,NA,0.169,NA,0.169,NA,0.296,NA,0.317,NA,1.841,NA,1.672,NA,1.566,NA,2.519,NA,1.144,NA,1.44,NA,0.91,NA,0.827
"146","2022",NA,0.169,NA,0.32,NA,0.317,NA,0.254,NA,1.165,NA,0.974,NA,0.57,NA,0.381,NA,0.19,NA,0.381,NA,0.423,NA,0.339,NA,1.122,NA,1.779,NA,0.669,NA,1.418,NA,1.101,NA,1.122,NA,1.122,NA,1.038
"147","2023",NA,0.254,NA,0.296,NA,0.233,NA,0.445,NA,0.762,NA,0.953,NA,0.487,NA,0.445,NA,0.213,NA,0.339,NA,0.508,NA,0.55,NA,0.889,NA,0.995,NA,0.698,NA,0.889,NA,0.848,NA,0.805,NA,0.932,NA,0.932
"148","2024",NA,0.19,NA,0.236,NA,0.148,NA,0.275,NA,0.678,NA,1.08,NA,0.508,NA,0.677,NA,0.085,NA,0.318,NA,0.847,NA,0.381,NA,1.228,NA,1.439,NA,1.355,NA,1.439,NA,0.72,NA,0.868,NA,NA,NA,NA
"149","1931",NA,NA,NA,NA,NA,NA,NA,NA,0.148,NA,NA,NA,NA,NA,NA,NA,NA,NA,NA,NA,NA,NA,NA,NA,NA,NA,NA,NA,NA,NA,NA,NA,NA,NA,NA,NA,NA,NA,NA,NA
"150","1932",NA,NA,NA,NA,NA,NA,NA,NA,0.191,NA,NA,NA,NA,NA,NA,NA,NA,NA,NA,NA,NA,NA,NA,NA,NA,NA,NA,NA,NA,NA,NA,NA,NA,NA,NA,NA,NA,NA,NA,NA
"151","1933",NA,NA,NA,NA,NA,NA,NA,NA,0.127,NA,NA,NA,NA,NA,NA,NA,NA,NA,NA,NA,NA,NA,NA,NA,NA,NA,NA,NA,NA,NA,NA,NA,NA,NA,NA,NA,NA,NA,NA,NA
"152","1934",NA,NA,NA,NA,NA,NA,NA,NA,0.212,NA,NA,NA,NA,NA,NA,NA,NA,NA,NA,NA,NA,NA,NA,NA,NA,NA,NA,NA,NA,NA,NA,NA,NA,NA,NA,NA,NA,NA,NA,NA
"153","1935",NA,NA,NA,NA,NA,NA,NA,NA,0.149,NA,NA,NA,NA,NA,NA,NA,NA,NA,NA,NA,NA,NA,NA,NA,NA,NA,NA,NA,NA,NA,NA,NA,NA,NA,NA,NA,NA,NA,NA,NA
"154","1936",NA,NA,NA,NA,NA,NA,NA,NA,0.169,NA,NA,NA,NA,NA,NA,NA,NA,NA,NA,NA,NA,NA,NA,NA,NA,NA,NA,NA,NA,NA,NA,NA,NA,NA,NA,NA,NA,NA,NA,NA
"155","1937",NA,NA,NA,NA,NA,NA,NA,NA,0.127,NA,NA,NA,NA,NA,NA,NA,NA,NA,NA,NA,NA,NA,NA,NA,NA,NA,NA,NA,NA,NA,NA,NA,NA,NA,NA,NA,NA,NA,NA,NA
"156","1938",NA,NA,NA,NA,NA,NA,NA,NA,0.17,NA,NA,NA,NA,NA,NA,NA,NA,NA,NA,NA,NA,NA,NA,NA,NA,NA,NA,NA,NA,NA,NA,NA,NA,NA,NA,NA,NA,NA,NA,NA
"157","1939",NA,NA,NA,NA,NA,NA,NA,NA,1.291,NA,NA,NA,NA,NA,NA,NA,NA,NA,NA,NA,NA,NA,NA,NA,NA,NA,NA,NA,NA,NA,NA,NA,NA,NA,NA,NA,NA,NA,NA,NA
"158","1940",NA,NA,NA,NA,NA,NA,NA,NA,0.106,NA,NA,NA,NA,NA,NA,NA,NA,NA,NA,NA,NA,NA,NA,NA,NA,NA,NA,NA,NA,NA,NA,NA,NA,NA,NA,NA,NA,NA,NA,NA
"159","1941",NA,NA,NA,NA,NA,NA,NA,NA,0.128,NA,NA,NA,NA,NA,NA,NA,NA,NA,NA,NA,NA,NA,NA,NA,NA,NA,NA,NA,NA,NA,NA,NA,NA,NA,NA,NA,NA,NA,NA,NA
"160","1942",NA,NA,NA,NA,NA,NA,NA,NA,0.127,NA,NA,NA,NA,NA,NA,NA,NA,NA,NA,NA,NA,NA,NA,NA,NA,NA,NA,NA,NA,NA,NA,NA,NA,NA,NA,NA,NA,NA,NA,NA
"161","1943",NA,NA,NA,NA,NA,NA,NA,NA,0.191,NA,NA,NA,NA,NA,NA,NA,NA,NA,NA,NA,NA,NA,NA,NA,NA,NA,NA,NA,NA,NA,NA,NA,NA,NA,NA,NA,NA,NA,NA,NA
"162","1944",NA,NA,NA,NA,NA,NA,NA,NA,0.148,NA,0.169,NA,NA,NA,NA,NA,NA,NA,NA,NA,NA,NA,NA,NA,NA,NA,NA,NA,NA,NA,NA,NA,NA,NA,NA,NA,NA,NA,NA,NA
"163","1945",NA,NA,NA,NA,NA,NA,NA,NA,0.148,NA,0.17,NA,NA,NA,NA,NA,NA,NA,NA,NA,NA,NA,NA,NA,NA,NA,NA,NA,NA,NA,NA,NA,NA,NA,NA,NA,NA,NA,NA,NA
"164","1946",NA,NA,NA,NA,NA,NA,NA,NA,0.127,NA,0.148,NA,NA,NA,NA,NA,NA,NA,NA,NA,NA,NA,NA,NA,NA,NA,NA,NA,NA,NA,NA,NA,NA,NA,NA,NA,NA,NA,NA,NA
"165","1947",NA,NA,NA,NA,NA,NA,NA,NA,0.063,NA,0.106,NA,NA,NA,NA,NA,NA,NA,NA,NA,NA,NA,NA,NA,NA,NA,NA,NA,NA,NA,NA,NA,NA,NA,NA,NA,NA,NA,NA,NA
"166","1948",NA,NA,NA,NA,NA,NA,NA,NA,0.106,NA,0.147,NA,NA,NA,NA,NA,NA,NA,NA,NA,NA,NA,NA,NA,NA,NA,NA,NA,NA,NA,NA,NA,NA,NA,NA,NA,NA,NA,NA,NA
"167","1949",NA,NA,NA,NA,NA,NA,NA,NA,0.149,NA,0.148,NA,NA,NA,NA,NA,NA,NA,NA,NA,NA,NA,NA,NA,NA,NA,NA,NA,NA,NA,NA,NA,NA,NA,NA,NA,NA,NA,NA,NA
"168","1950",NA,NA,NA,NA,NA,NA,NA,NA,0.085,NA,0.191,NA,NA,NA,NA,NA,NA,NA,NA,NA,NA,NA,NA,NA,NA,NA,NA,NA,NA,NA,NA,NA,NA,NA,NA,NA,NA,NA,NA,NA
"169","1931",NA,NA,NA,NA,NA,NA,NA,NA,NA,0.106,NA,NA,NA,NA,NA,NA,NA,NA,NA,NA,NA,NA,NA,NA,NA,NA,NA,NA,NA,NA,NA,NA,NA,NA,NA,NA,NA,NA,NA,NA
"170","1932",NA,NA,NA,NA,NA,NA,NA,NA,NA,0.085,NA,NA,NA,NA,NA,NA,NA,NA,NA,NA,NA,NA,NA,NA,NA,NA,NA,NA,NA,NA,NA,NA,NA,NA,NA,NA,NA,NA,NA,NA
"171","1933",NA,NA,NA,NA,NA,NA,NA,NA,NA,0.127,NA,NA,NA,NA,NA,NA,NA,NA,NA,NA,NA,NA,NA,NA,NA,NA,NA,NA,NA,NA,NA,NA,NA,NA,NA,NA,NA,NA,NA,NA
"172","1934",NA,NA,NA,NA,NA,NA,NA,NA,NA,0.085,NA,NA,NA,NA,NA,NA,NA,NA,NA,NA,NA,NA,NA,NA,NA,NA,NA,NA,NA,NA,NA,NA,NA,NA,NA,NA,NA,NA,NA,NA
"173","1935",NA,NA,NA,NA,NA,NA,NA,NA,NA,0.38,NA,NA,NA,NA,NA,NA,NA,NA,NA,NA,NA,NA,NA,NA,NA,NA,NA,NA,NA,NA,NA,NA,NA,NA,NA,NA,NA,NA,NA,NA
"174","1936",NA,NA,NA,NA,NA,NA,NA,NA,NA,0.106,NA,NA,NA,NA,NA,NA,NA,NA,NA,NA,NA,NA,NA,NA,NA,NA,NA,NA,NA,NA,NA,NA,NA,NA,NA,NA,NA,NA,NA,NA
"175","1937",NA,NA,NA,NA,NA,NA,NA,NA,NA,0.085,NA,NA,NA,NA,NA,NA,NA,NA,NA,NA,NA,NA,NA,NA,NA,NA,NA,NA,NA,NA,NA,NA,NA,NA,NA,NA,NA,NA,NA,NA
"176","1938",NA,NA,NA,NA,NA,NA,NA,NA,NA,0.085,NA,NA,NA,NA,NA,NA,NA,NA,NA,NA,NA,NA,NA,NA,NA,NA,NA,NA,NA,NA,NA,NA,NA,NA,NA,NA,NA,NA,NA,NA
"177","1939",NA,NA,NA,NA,NA,NA,NA,NA,NA,0.064,NA,NA,NA,NA,NA,NA,NA,NA,NA,NA,NA,NA,NA,NA,NA,NA,NA,NA,NA,NA,NA,NA,NA,NA,NA,NA,NA,NA,NA,NA
"178","1940",NA,NA,NA,NA,NA,NA,NA,NA,NA,0.063,NA,NA,NA,NA,NA,NA,NA,NA,NA,NA,NA,NA,NA,NA,NA,NA,NA,NA,NA,NA,NA,NA,NA,NA,NA,NA,NA,NA,NA,NA
"179","1941",NA,NA,NA,NA,NA,NA,NA,NA,NA,0.063,NA,NA,NA,NA,NA,NA,NA,NA,NA,NA,NA,NA,NA,NA,NA,NA,NA,NA,NA,NA,NA,NA,NA,NA,NA,NA,NA,NA,NA,NA
"180","1942",NA,NA,NA,NA,NA,NA,NA,NA,NA,0.063,NA,NA,NA,NA,NA,NA,NA,NA,NA,NA,NA,NA,NA,NA,NA,NA,NA,NA,NA,NA,NA,NA,NA,NA,NA,NA,NA,NA,NA,NA
"181","1943",NA,NA,NA,NA,NA,NA,NA,NA,NA,0.085,NA,NA,NA,NA,NA,NA,NA,NA,NA,NA,NA,NA,NA,NA,NA,NA,NA,NA,NA,NA,NA,NA,NA,NA,NA,NA,NA,NA,NA,NA
"182","1944",NA,NA,NA,NA,NA,NA,NA,NA,NA,0.191,NA,0.064,NA,NA,NA,NA,NA,NA,NA,NA,NA,NA,NA,NA,NA,NA,NA,NA,NA,NA,NA,NA,NA,NA,NA,NA,NA,NA,NA,NA
"183","1945",NA,NA,NA,NA,NA,NA,NA,NA,NA,0.106,NA,0.063,NA,NA,NA,NA,NA,NA,NA,NA,NA,NA,NA,NA,NA,NA,NA,NA,NA,NA,NA,NA,NA,NA,NA,NA,NA,NA,NA,NA
"184","1946",NA,NA,NA,NA,NA,NA,NA,NA,NA,0.106,NA,0.064,NA,NA,NA,NA,NA,NA,NA,NA,NA,NA,NA,NA,NA,NA,NA,NA,NA,NA,NA,NA,NA,NA,NA,NA,NA,NA,NA,NA
"185","1947",NA,NA,NA,NA,NA,NA,NA,NA,NA,0.085,NA,0.064,NA,NA,NA,NA,NA,NA,NA,NA,NA,NA,NA,NA,NA,NA,NA,NA,NA,NA,NA,NA,NA,NA,NA,NA,NA,NA,NA,NA
"186","1948",NA,NA,NA,NA,NA,NA,NA,NA,NA,0.106,NA,0.087,NA,NA,NA,NA,NA,NA,NA,NA,NA,NA,NA,NA,NA,NA,NA,NA,NA,NA,NA,NA,NA,NA,NA,NA,NA,NA,NA,NA
"187","1949",NA,NA,NA,NA,NA,NA,NA,NA,NA,0.106,NA,0.085,NA,NA,NA,NA,NA,NA,NA,NA,NA,NA,NA,NA,NA,NA,NA,NA,NA,NA,NA,NA,NA,NA,NA,NA,NA,NA,NA,NA
"188","1950",NA,NA,NA,NA,NA,NA,NA,NA,NA,0.063,NA,0.063,NA,NA,NA,NA,NA,NA,NA,NA,NA,NA,NA,NA,NA,NA,NA,NA,NA,NA,NA,NA,NA,NA,NA,NA,NA,NA,NA,NA
"189","2025",NA,NA,NA,NA,NA,NA,NA,NA,NA,NA,NA,NA,NA,NA,NA,NA,NA,NA,NA,NA,NA,NA,0.847,NA,NA,NA,NA,NA,NA,NA,NA,NA,NA,NA,NA,NA,NA,NA,NA,NA
"190","2025",NA,NA,NA,NA,NA,NA,NA,NA,NA,NA,NA,NA,NA,NA,NA,NA,NA,NA,NA,NA,NA,NA,NA,0.762,NA,NA,NA,NA,NA,NA,NA,NA,NA,NA,NA,NA,NA,NA,NA,NA
