"","year","wood_type","311_","309_","310_","646_","648_","648_B2E","648_B2L","652_","655_","654_","860_","656_"
"1",1931,"earlywood",0.148,NA,NA,NA,NA,NA,NA,NA,NA,NA,NA,NA
"2",1931,"latewood",0.106,NA,NA,NA,NA,NA,NA,NA,NA,NA,NA,NA
"3",1932,"earlywood",0.191,NA,NA,NA,NA,NA,NA,NA,NA,NA,NA,NA
"4",1932,"latewood",0.085,NA,NA,NA,NA,NA,NA,NA,NA,NA,NA,NA
"5",1933,"earlywood",0.127,NA,NA,NA,NA,NA,NA,NA,NA,NA,NA,NA
"6",1933,"latewood",0.127,NA,NA,NA,NA,NA,NA,NA,NA,NA,NA,NA
"7",1934,"earlywood",0.212,NA,NA,NA,NA,NA,NA,NA,NA,NA,NA,NA
"8",1934,"latewood",0.085,NA,NA,NA,NA,NA,NA,NA,NA,NA,NA,NA
"9",1935,"earlywood",0.149,NA,NA,NA,NA,NA,NA,NA,NA,NA,NA,NA
"10",1935,"latewood",0.38,NA,NA,NA,NA,NA,NA,NA,NA,NA,NA,NA
"11",1936,"earlywood",0.169,NA,NA,NA,NA,NA,NA,NA,NA,NA,NA,NA
"12",1936,"latewood",0.106,NA,NA,NA,NA,NA,NA,NA,NA,NA,NA,NA
"13",1937,"earlywood",0.127,NA,NA,NA,NA,NA,NA,NA,NA,NA,NA,NA
"14",1937,"latewood",0.085,NA,NA,NA,NA,NA,NA,NA,NA,NA,NA,NA
"15",1938,"earlywood",0.17,NA,NA,NA,NA,NA,NA,NA,NA,NA,NA,NA
"16",1938,"latewood",0.085,NA,NA,NA,NA,NA,NA,NA,NA,NA,NA,NA
"17",1939,"earlywood",1.291,NA,NA,NA,NA,NA,NA,NA,NA,NA,NA,NA
"18",1939,"latewood",0.064,NA,NA,NA,NA,NA,NA,NA,NA,NA,NA,NA
"19",1940,"earlywood",0.106,NA,NA,NA,NA,NA,NA,NA,NA,NA,NA,NA
"20",1940,"latewood",0.063,NA,NA,NA,NA,NA,NA,NA,NA,NA,NA,NA
"21",1941,"earlywood",0.128,NA,NA,NA,NA,NA,NA,NA,NA,NA,NA,NA
"22",1941,"latewood",0.063,NA,NA,NA,NA,NA,NA,NA,NA,NA,NA,NA
"23",1942,"earlywood",0.127,NA,NA,NA,NA,NA,NA,NA,NA,NA,NA,NA
"24",1942,"latewood",0.063,NA,NA,NA,NA,NA,NA,NA,NA,NA,NA,NA
"25",1943,"earlywood",0.191,NA,NA,NA,NA,NA,NA,NA,NA,NA,NA,NA
"26",1943,"latewood",0.085,NA,NA,NA,NA,NA,NA,NA,NA,NA,NA,NA
"27",1944,"earlywood",0.1585,NA,NA,NA,NA,NA,NA,NA,NA,NA,NA,NA
"28",1944,"latewood",0.1275,NA,NA,NA,NA,NA,NA,NA,NA,NA,NA,NA
"29",1945,"earlywood",0.159,NA,NA,NA,NA,NA,NA,NA,NA,NA,NA,NA
"30",1945,"latewood",0.0845,NA,NA,NA,NA,NA,NA,NA,NA,NA,NA,NA
"31",1946,"earlywood",0.1375,NA,NA,NA,NA,NA,NA,NA,NA,NA,NA,NA
"32",1946,"latewood",0.085,NA,NA,NA,NA,NA,NA,NA,NA,NA,NA,NA
"33",1947,"earlywood",0.0845,NA,NA,NA,NA,NA,NA,NA,NA,NA,NA,NA
"34",1947,"latewood",0.0745,NA,NA,NA,NA,NA,NA,NA,NA,NA,NA,NA
"35",1948,"earlywood",0.1265,NA,NA,NA,NA,NA,NA,NA,NA,NA,NA,NA
"36",1948,"latewood",0.0965,NA,NA,NA,NA,NA,NA,NA,NA,NA,NA,NA
"37",1949,"earlywood",0.1485,NA,NA,NA,NA,NA,NA,NA,NA,NA,NA,NA
"38",1949,"latewood",0.0955,NA,NA,NA,NA,NA,NA,NA,NA,NA,NA,NA
"39",1950,"earlywood",0.138,NA,NA,NA,NA,NA,NA,NA,NA,NA,NA,NA
"40",1950,"latewood",0.063,NA,NA,NA,NA,NA,NA,NA,NA,NA,NA,NA
"41",1951,"earlywood",0.1265,0.307,0.582,0.435,0.36,NA,NA,0.36,NA,NA,NA,NA
"42",1951,"latewood",0.0755,0.2335,0.476,0.5075,0.317,NA,NA,0.297,NA,NA,NA,NA
"43",1951,NA,NA,NA,NA,NA,NA,0.36,0.254,NA,NA,NA,NA,NA
"44",1952,"earlywood",0.0975,0.212,0.5715,0.6465,0.445,NA,NA,0.519,NA,NA,NA,NA
"45",1952,"latewood",0.042,0.2545,0.688,0.878,0.444,NA,NA,0.318,NA,NA,NA,NA
"46",1952,NA,NA,NA,NA,NA,NA,0.381,0.36,NA,NA,NA,NA,NA
"47",1953,"earlywood",0.0755,0.286,1.048,0.3915,0.402,NA,NA,0.455,NA,NA,NA,NA
"48",1953,"latewood",0.063,0.286,0.868,0.614,0.275,NA,NA,0.3815,NA,NA,NA,NA
"49",1953,NA,NA,NA,NA,NA,NA,0.296,0.466,NA,NA,NA,NA,NA
"50",1954,"earlywood",0.1165,0.2965,1.27,0.687,0.275,NA,NA,0.54,NA,NA,NA,NA
"51",1954,"latewood",0.085,0.3175,1.1215,0.815,0.19,NA,NA,0.868,NA,NA,NA,NA
"52",1954,NA,NA,NA,NA,NA,NA,0.274,0.212,NA,NA,NA,NA,NA
"53",1955,"earlywood",0.1165,0.3805,0.942,0.5605,0.233,NA,NA,0.614,NA,NA,NA,NA
"54",1955,"latewood",0.085,0.202,0.9525,1.069,0.234,NA,NA,1.0055,NA,NA,NA,NA
"55",1955,NA,NA,NA,NA,NA,NA,0.275,0.297,NA,NA,NA,NA,NA
"56",1956,"earlywood",0.1155,0.3385,0.7305,0.889,0.254,NA,NA,0.6355,NA,NA,NA,NA
"57",1956,"latewood",0.0645,0.339,0.7725,1.2065,0.296,NA,NA,0.794,NA,NA,NA,NA
"58",1956,NA,NA,NA,NA,NA,NA,0.275,0.296,NA,NA,NA,NA,NA
"59",1957,"earlywood",0.127,0.3705,0.688,0.9525,0.339,NA,NA,0.688,NA,NA,NA,NA
"60",1957,"latewood",0.053,0.3175,0.582,0.942,0.403,NA,NA,0.7305,NA,NA,NA,NA
"61",1957,NA,NA,NA,NA,NA,NA,0.254,0.296,NA,NA,NA,NA,NA
"62",1958,"earlywood",0.1275,0.6245,0.9315,1.0055,0.508,NA,NA,0.741,NA,NA,NA,NA
"63",1958,"latewood",0.0525,0.2025,0.6885,0.6985,0.318,NA,NA,0.7305,NA,NA,NA,NA
"64",1958,NA,NA,NA,NA,NA,NA,0.445,0.275,NA,NA,NA,NA,NA
"65",1959,"earlywood",0.096,0.5715,0.762,0.868,0.424,NA,NA,0.9315,NA,NA,NA,NA
"66",1959,"latewood",0.0955,0.212,0.6035,0.6135,0.275,NA,NA,0.889,NA,NA,NA,NA
"67",1959,NA,NA,NA,NA,NA,NA,0.339,0.36,NA,NA,NA,NA,NA
"68",1960,"earlywood",0.1065,0.466,0.8785,0.921,0.402,NA,NA,1.0485,NA,NA,NA,NA
"69",1960,"latewood",0.095,0.519,0.8465,1.069,0.381,NA,NA,0.984,NA,NA,NA,NA
"70",1960,NA,NA,NA,NA,NA,NA,0.212,0.572,NA,NA,NA,NA,NA
"71",1961,"earlywood",0.0955,0.5295,1.0055,0.783,0.572,NA,NA,1.164,NA,NA,NA,NA
"72",1961,"latewood",0.0635,0.381,0.7305,0.275,0.275,NA,NA,0.963,NA,NA,NA,NA
"73",1961,NA,NA,NA,NA,NA,NA,0.381,0.466,NA,NA,NA,NA,NA
"74",1962,"earlywood",0.063,0.4235,0.762,0.519,0.466,NA,NA,1.1645,NA,NA,NA,NA
"75",1962,"latewood",0.0645,0.5295,0.8785,0.381,0.466,NA,NA,1.2595,NA,NA,NA,NA
"76",1962,NA,NA,NA,NA,NA,NA,0.317,0.572,NA,NA,NA,NA,NA
"77",1963,"earlywood",0.127,0.498,0.9315,0.699,0.656,NA,NA,1.1535,NA,NA,NA,NA
"78",1963,"latewood",0.0635,0.7945,0.868,1.0055,0.571,NA,NA,1.715,NA,NA,NA,NA
"79",1963,NA,NA,NA,NA,NA,NA,0.805,0.614,NA,NA,NA,NA,NA
"80",1964,"earlywood",0.106,0.731,0.889,1.0475,1.312,NA,NA,1.038,NA,NA,NA,NA
"81",1964,"latewood",0.064,0.561,0.6985,0.942,0.508,NA,NA,1.757,NA,NA,NA,NA
"82",1964,NA,NA,NA,NA,NA,NA,1.101,0.487,NA,NA,NA,NA,NA
"83",1965,"earlywood",0.1675,0.879,0.6775,2.889,0.995,NA,NA,0.974,NA,NA,NA,NA
"84",1965,"latewood",0.066,1.0695,0.6245,0.921,0.55,NA,NA,0.7935,NA,NA,NA,NA
"85",1965,NA,NA,NA,NA,NA,NA,0.974,0.508,NA,NA,NA,NA,NA
"86",1966,"earlywood",0.148,0.7625,0.4975,1.27,0.487,NA,NA,0.7725,NA,NA,NA,NA
"87",1966,"latewood",0.053,0.6355,0.3705,1.376,0.508,NA,NA,0.466,NA,NA,NA,NA
"88",1966,NA,NA,NA,NA,NA,NA,0.487,0.505,NA,NA,NA,NA,NA
"89",1967,"earlywood",0.2435,0.9315,0.5505,1.8735,0.805,NA,NA,0.932,NA,NA,NA,NA
"90",1967,"latewood",0.0425,0.508,0.508,0.963,0.487,NA,NA,0.349,NA,NA,NA,NA
"91",1967,NA,NA,NA,NA,NA,NA,0.868,0.317,NA,NA,NA,NA,NA
"92",1968,"earlywood",0.1585,0.5825,0.4445,1.185,0.487,NA,NA,1.048,2.455,NA,NA,NA
"93",1968,"latewood",0.0315,0.307,0.529,0.8365,0.402,NA,NA,0.561,1.037,NA,NA,NA
"94",1968,NA,NA,NA,NA,NA,NA,0.445,0.317,NA,NA,NA,NA,NA
"95",1969,"earlywood",0.159,0.731,0.5395,0.9205,0.783,NA,NA,1.037,2.688,NA,NA,NA
"96",1969,"latewood",0.0845,0.4765,0.4975,1.905,0.635,NA,NA,1.2595,1.058,NA,NA,NA
"97",1969,NA,NA,NA,NA,NA,NA,0.783,0.487,NA,NA,NA,NA,NA
"98",1970,"earlywood",0.223,0.71,0.582,1.291,0.805,NA,NA,0.847,4.276,NA,NA,NA
"99",1970,"latewood",0.0955,0.4555,0.381,1.0585,0.487,NA,NA,1.7145,1.376,NA,NA,NA
"100",1970,NA,NA,NA,NA,NA,NA,0.635,0.529,NA,NA,NA,NA,NA
"101",1971,"earlywood",0.2965,0.7725,0.5505,1.9365,1.207,NA,NA,0.995,4.361,8.139,NA,NA
"102",1971,"latewood",0.1165,0.5825,0.4655,0.7195,0.529,NA,NA,1.6935,1.7885,1.908,NA,NA
"103",1971,NA,NA,NA,NA,NA,NA,0.804,0.487,NA,NA,NA,NA,NA
"104",1972,"earlywood",0.2335,0.9325,0.6665,1.0055,0.931,NA,NA,0.953,3.546,5.066,NA,NA
"105",1972,"latewood",0.127,0.889,0.635,0.889,1.037,NA,NA,1.122,1.907,1.441,NA,NA
"106",1972,NA,NA,NA,NA,NA,NA,0.995,0.508,NA,NA,NA,NA,NA
"107",1973,"earlywood",0.2225,0.805,0.6245,1.037,0.931,NA,NA,0.889,2.9105,5.66,NA,NA
"108",1973,"latewood",0.106,0.593,0.4445,0.7305,0.656,NA,NA,0.5085,2.6565,1.759,NA,NA
"109",1973,NA,NA,NA,NA,NA,NA,0.805,0.656,NA,NA,NA,NA,NA
"110",1974,"earlywood",0.2645,0.858,0.5715,1.2385,0.635,NA,NA,0.9735,2.932,8.4335,NA,NA
"111",1974,"latewood",0.233,0.4445,0.4125,0.6775,0.423,NA,NA,0.328,2.127,2.399,NA,NA
"112",1974,NA,NA,NA,NA,NA,NA,0.593,0.55,NA,NA,NA,NA,NA
"113",1975,"earlywood",0.3065,1.0385,0.762,1.6405,0.783,NA,NA,0.889,3.26,7.5285,2.669,NA
"114",1975,"latewood",0.2225,0.8675,0.8255,1.471,0.593,NA,NA,0.4025,1.7145,1.3885,2.603,NA
"115",1975,NA,NA,NA,NA,NA,NA,0.656,0.635,NA,NA,NA,NA,NA
"116",1976,"earlywood",0.339,0.8475,0.8355,1.3655,0.572,NA,NA,0.7305,3.0165,6.316,2.754,NA
"117",1976,"latewood",0.5505,0.635,0.953,1.3445,0.444,NA,NA,1.0265,1.4075,1.512,0.931,NA
"118",1976,NA,NA,NA,NA,NA,NA,0.381,0.021,NA,NA,NA,NA,NA
"119",1977,"earlywood",0.4125,0.6675,0.688,1.344,0.826,NA,NA,0.773,2.5405,4.4435,1.567,NA
"120",1977,"latewood",0.265,0.455,0.6665,0.7195,0.508,NA,NA,0.921,1.4395,1.2835,1.016,NA
"121",1977,NA,NA,NA,NA,NA,NA,0.677,0.551,NA,NA,NA,NA,NA
"122",1978,"earlywood",0.318,0.5505,0.762,0.9,1.249,NA,NA,1.122,1.397,3.27,1.312,9.443
"123",1978,"latewood",0.201,0.7725,0.9525,0.8575,0.55,NA,NA,1.186,1.5875,2.161,1.333,5.08
"124",1978,NA,NA,NA,NA,NA,NA,1.122,0.551,NA,NA,NA,NA,NA
"125",1979,"earlywood",0.2645,0.5085,0.752,0.73,1.016,NA,NA,1.207,1.619,2.899,1.674,5.6095
"126",1979,"latewood",0.2225,0.498,0.4025,0.6245,0.571,NA,NA,0.794,0.9105,1.8005,2.371,2.837
"127",1979,NA,NA,NA,NA,NA,NA,0.783,0.571,NA,NA,NA,NA,NA
"128",1980,"earlywood",0.4445,0.805,0.762,1.312,1.185,NA,NA,1.291,1.715,5.207,2.286,6.965
"129",1980,"latewood",0.4025,0.593,0.54,0.6565,0.55,NA,NA,0.9525,0.899,1.6515,2.564,2.593
"130",1980,NA,NA,NA,NA,NA,NA,1.016,0.699,NA,NA,NA,NA,NA
"131",1981,"earlywood",0.4765,0.975,0.974,1.9895,1.461,NA,NA,1.355,1.3865,3.7575,3.324,6.024
"132",1981,"latewood",0.3385,0.8365,0.963,1.0055,0.296,NA,NA,1.037,1.2595,1.7675,2.1695,3.071
"133",1981,NA,NA,NA,NA,NA,NA,1.418,0.487,NA,NA,NA,NA,NA
"134",1982,"earlywood",0.4445,0.9005,0.8465,1.1535,0.72,NA,NA,1.1435,1.4815,3.8105,2.739,6.4695
"135",1982,"latewood",0.3285,0.709,0.995,0.7195,0.423,NA,NA,0.8145,1.99,2.4555,1.9205,2.922
"136",1982,NA,NA,NA,NA,NA,NA,0.699,0.508,NA,NA,NA,NA,NA
"137",1983,"earlywood",0.4125,1.0165,0.847,1.0795,0.762,NA,NA,1.0055,1.736,2.678,2.0585,4.0135
"138",1983,"latewood",0.3285,1.292,1.397,1.958,0.508,NA,NA,0.5505,2.011,2.7415,2.505,2.986
"139",1983,NA,NA,NA,NA,NA,NA,0.826,0.423,NA,NA,NA,NA,NA
"140",1984,"earlywood",0.444,1.059,0.8995,1.2275,0.635,NA,NA,1.1325,1.7145,2.9955,2.207,4.15
"141",1984,"latewood",0.4445,0.7515,0.9415,0.794,0.275,NA,NA,1.048,1.228,1.8945,1.4855,2.1605
"142",1984,NA,NA,NA,NA,NA,NA,0.826,0.233,NA,NA,NA,NA,NA
"143",1985,"earlywood",0.5925,0.964,0.741,0.9735,0.487,NA,NA,1.2175,1.397,2.4025,2.058,3.6525
"144",1985,"latewood",0.339,0.466,0.4445,0.751,0.275,NA,NA,0.752,1.0795,1.45,1.475,1.472
"145",1985,NA,NA,NA,NA,NA,NA,0.614,0.254,NA,NA,NA,NA,NA
"146",1986,"earlywood",0.4975,0.9315,0.582,0.8255,0.741,NA,NA,1.2385,1.164,2.2655,1.039,2.0545
"147",1986,"latewood",0.466,0.751,0.54,0.6035,0.487,NA,NA,0.889,1.238,1.5345,1.4745,1.44
"148",1986,NA,NA,NA,NA,NA,NA,0.72,0.423,NA,NA,NA,NA,NA
"149",1987,"earlywood",0.5715,0.6775,0.7515,0.731,0.572,NA,NA,1.1755,1.1115,1.704,0.9105,2.245
"150",1987,"latewood",0.5825,0.7305,0.466,0.317,0.381,NA,NA,0.995,1.408,1.916,1.5815,2.329
"151",1987,NA,NA,NA,NA,NA,NA,0.487,0.317,NA,NA,NA,NA,NA
"152",1988,"earlywood",0.6775,0.8785,0.6245,1.036,0.699,NA,NA,1.0055,0.942,2.117,2.428,3.399
"153",1988,"latewood",0.4865,0.5295,0.497,0.709,0.381,NA,NA,0.5085,1.3125,1.7465,2.6175,2.033
"154",1988,NA,NA,NA,NA,NA,NA,0.635,0.36,NA,NA,NA,NA,NA
"155",1989,"earlywood",0.7305,0.826,0.413,1.175,0.805,NA,NA,0.815,1.3545,1.9475,1.5565,2.181
"156",1989,"latewood",1.281,0.889,0.3815,1.238,0.444,NA,NA,0.3175,1.5665,2.371,1.8325,2.276
"157",1989,NA,NA,NA,NA,NA,NA,0.55,0.656,NA,NA,NA,NA,NA
"158",1990,"earlywood",1.048,0.8795,0.741,2.35,0.868,NA,NA,0.7725,1.1645,2.3285,1.864,2.393
"159",1990,"latewood",0.995,0.8465,1.1325,0.921,0.423,NA,NA,0.4025,1.2385,2.096,1.3025,1.5885
"160",1990,NA,NA,NA,NA,NA,NA,0.783,0.466,NA,NA,NA,NA,NA
"161",1991,"earlywood",0.921,0.4975,0.508,1.852,0.889,NA,NA,0.762,1.217,1.344,1.1115,2.4745
"162",1991,"latewood",1.524,0.382,0.8365,1.1005,0.55,NA,NA,0.53,1.386,1.3445,1.366,1.495
"163",1991,NA,NA,NA,NA,NA,NA,0.826,0.55,NA,NA,NA,NA,NA
"164",1992,"earlywood",1.3555,0.6145,0.508,1.7465,0.931,NA,NA,0.741,0.688,1.768,1.4295,2.022
"165",1992,"latewood",1.723,0.6355,0.6035,1.228,0.55,NA,NA,0.4335,1.016,1.175,1.7895,1.715
"166",1992,NA,NA,NA,NA,NA,NA,0.762,0.572,NA,NA,NA,NA,NA
"167",1993,"earlywood",1.0165,0.445,0.5615,0.762,0.529,NA,NA,0.7515,0.656,0.9735,0.731,1.0905
"168",1993,"latewood",1.228,0.381,0.402,0.942,0.656,NA,NA,0.4555,0.9,1.016,1.186,1.069
"169",1993,NA,NA,NA,NA,NA,NA,0.529,0.656,NA,NA,NA,NA,NA
"170",1994,"earlywood",0.868,0.773,0.635,1.037,0.91,NA,NA,0.7835,0.688,1.7145,1.196,1.969
"171",1994,"latewood",0.7935,0.3495,0.4445,0.7095,0.402,NA,NA,0.4765,1.069,1.122,1.3125,1.2705
"172",1994,NA,NA,NA,NA,NA,NA,0.762,0.318,NA,NA,NA,NA,NA
"173",1995,"earlywood",0.8785,0.7195,0.677,1.7145,0.974,NA,NA,0.8045,0.561,1.355,0.9105,1.5345
"174",1995,"latewood",1.2815,0.266,0.5825,0.868,0.529,NA,NA,0.741,1.0475,1.09,1.2915,1.1965
"175",1995,NA,NA,NA,NA,NA,NA,0.847,0.593,NA,NA,NA,NA,NA
"176",1996,"earlywood",1.09,1.0165,0.921,2.4135,0.931,NA,NA,0.7305,0.6035,2.0535,0.8895,1.6305
"177",1996,"latewood",1.9265,0.6245,0.942,0.9845,0.656,NA,NA,0.9205,0.8995,1.4075,1.0165,0.963
"178",1996,NA,NA,NA,NA,NA,NA,0.889,0.741,NA,NA,NA,NA,NA
"179",1997,"earlywood",1.376,1.0805,1.0265,4.6045,1.82,NA,NA,0.667,0.7305,1.6515,0.8255,1.3865
"180",1997,"latewood",2.541,0.932,1.3335,0.6775,0.487,NA,NA,1.2595,0.857,1.3125,1.207,1.196
"181",1997,NA,NA,NA,NA,NA,NA,1.461,0.551,NA,NA,NA,NA,NA
"182",1998,"earlywood",1.408,1.0905,1.365,4.1065,1.673,NA,NA,0.73,0.561,1.577,0.5935,1.725
"183",1998,"latewood",2.022,0.9425,0.9105,0.7725,0.402,NA,NA,0.7515,0.9735,0.847,1.2595,1.207
"184",1998,NA,NA,NA,NA,NA,NA,1.291,0.466,NA,NA,NA,NA,NA
"185",1999,"earlywood",1.2065,0.6985,0.794,1.81,1.312,NA,NA,0.6245,0.677,1.112,0.403,1.355
"186",1999,"latewood",1.0905,0.657,0.846,1.8205,0.741,NA,NA,0.656,1.2175,0.8675,1.0165,1.08
"187",1999,NA,NA,NA,NA,NA,NA,1.228,0.72,NA,NA,NA,NA,NA
"188",2000,"earlywood",1.366,0.7515,0.8465,2,0.995,NA,NA,0.582,0.7515,1.2065,0.2715,1.567
"189",2000,"latewood",1.609,0.6565,0.8045,1.1005,0.698,NA,NA,0.508,1.0585,0.815,0.93,1.133
"190",2000,NA,NA,NA,NA,NA,NA,0.931,0.572,NA,NA,NA,NA,NA
"191",2001,"earlywood",1.366,0.794,0.7835,2.942,1.122,NA,NA,0.667,0.8045,1.3125,0.9425,1.3125
"192",2001,"latewood",1.355,1.0695,1.291,0.7405,0.741,NA,NA,0.4445,0.921,0.9525,1.376,1.154
"193",2001,NA,NA,NA,NA,NA,NA,1.08,0.677,NA,NA,NA,NA,NA
"194",2002,"earlywood",1.2485,0.996,0.7095,1.556,1.308,NA,NA,0.6565,0.646,1.355,1.345,1.7785
"195",2002,"latewood",0.678,0.635,0.7835,0.815,0.529,NA,NA,0.466,0.667,0.5715,1.143,0.7195
"196",2002,NA,NA,NA,NA,NA,NA,1.502,0.381,NA,NA,NA,NA,NA
"197",2003,"earlywood",0.9745,0.762,0.6565,1.154,0.931,NA,NA,0.5715,0.646,1.3125,0.8685,1.069
"198",2003,"latewood",0.7515,0.572,0.5715,0.974,0.402,NA,NA,0.3815,0.868,0.434,0.8785,0.7305
"199",2003,NA,NA,NA,NA,NA,NA,0.677,0.529,NA,NA,NA,NA,NA
"200",2004,"earlywood",0.9735,0.836,0.5185,1.0055,1.588,NA,NA,0.72,0.8255,1.175,0.9955,1.3655
"201",2004,"latewood",1.239,0.8155,0.466,1.101,0.466,NA,NA,0.434,1.2805,0.6775,1.1395,1.059
"202",2004,NA,NA,NA,NA,NA,NA,1.291,0.72,NA,NA,NA,NA,NA
"203",2005,"earlywood",1.2385,0.985,0.5185,1.249,1.355,NA,NA,0.836,1.0165,1.3015,1.196,1.45
"204",2005,"latewood",1.016,0.815,0.529,0.8575,0.402,NA,NA,0.4765,1.27,0.6245,0.911,1.228
"205",2005,NA,NA,NA,NA,NA,NA,1.249,0.444,NA,NA,NA,NA,NA
"206",2006,"earlywood",1.154,0.837,0.6985,1.0375,1.016,NA,NA,0.868,0.762,1.2595,1.1645,1.3655
"207",2006,"latewood",1.164,0.7835,0.6455,0.6245,0.741,NA,NA,0.868,1.4815,0.614,1.154,1.175
"208",2006,NA,NA,NA,NA,NA,NA,1.736,0.487,NA,NA,NA,NA,NA
"209",2007,"earlywood",1.1225,0.7305,0.6455,0.72,1.037,NA,NA,0.868,0.476,1.048,1.0905,1.196
"210",2007,"latewood",0.8365,0.71,0.5505,0.7195,0.36,NA,NA,0.6035,0.815,0.466,1.334,1.2705
"211",2007,NA,NA,NA,NA,NA,NA,1.291,0.403,NA,NA,NA,NA,NA
"212",2008,"earlywood",1.111,0.8255,0.667,0.72,0.572,NA,NA,0.7935,0.36,1.1005,1.239,1.44
"213",2008,"latewood",0.54,0.4975,0.423,0.6455,0.296,NA,NA,0.4765,0.5085,0.529,1.027,1.2065
"214",2008,NA,NA,NA,NA,NA,NA,0.741,0.36,NA,NA,NA,NA,NA
"215",2009,"earlywood",0.9315,0.6885,0.624,0.688,0.551,NA,NA,0.7095,0.813,1.2065,0.9,1.376
"216",2009,"latewood",0.72,0.36,0.54,0.4765,0.275,NA,NA,0.328,0.508,0.4555,0.7625,0.868
"217",2009,NA,NA,NA,NA,NA,NA,0.72,0.085,NA,NA,NA,NA,NA
"218",2010,"earlywood",0.91,0.72,0.6665,0.741,0.783,NA,NA,0.7515,0.709,1.27,0.89,1.143
"219",2010,"latewood",1.0475,0.5505,0.508,0.656,0.698,NA,NA,0.381,1.143,0.6775,0.8885,0.6875
"220",2010,NA,NA,NA,NA,NA,NA,1.164,0.487,NA,NA,NA,NA,NA
"221",2011,"earlywood",1.0165,0.8265,0.8995,0.815,0.868,NA,NA,0.72,1.0265,1.27,0.688,1.08
"222",2011,"latewood",0.953,0.6775,0.709,0.688,0.36,NA,NA,0.4765,1.4605,0.688,0.868,0.9845
"223",2011,NA,NA,NA,NA,NA,NA,0.974,0.423,NA,NA,NA,NA,NA
"224",2012,"earlywood",1.0265,0.6145,0.921,0.646,0.868,NA,NA,0.72,1.408,1.429,0.879,1.323
"225",2012,"latewood",0.8155,0.2535,0.709,0.55,0.423,NA,NA,0.3595,2.138,0.625,0.953,1.027
"226",2012,NA,NA,NA,NA,NA,NA,1.122,0.423,NA,NA,NA,NA,NA
"227",2013,"earlywood",1.1755,0.466,0.667,0.487,0.804,NA,NA,0.688,1.789,1.344,0.826,1.408
"228",2013,"latewood",0.8575,0.191,0.783,0.4235,0.402,NA,NA,0.2965,2.921,0.773,1.1225,1.44
"229",2013,NA,NA,NA,NA,NA,NA,0.804,0.466,NA,NA,NA,NA,NA
"230",2014,"earlywood",1.154,0.593,0.815,0.6565,0.974,NA,NA,0.7195,1.6405,1.376,0.7305,1.7355
"231",2014,"latewood",1.1115,0.466,0.688,0.519,0.254,NA,NA,0.2865,1.7885,1.0375,0.9215,1.747
"232",2014,NA,NA,NA,NA,NA,NA,0.931,0.296,NA,NA,NA,NA,NA
"233",2015,"earlywood",0.921,0.5925,0.5605,0.4975,0.826,NA,NA,0.741,1.2595,1.63,0.9735,2.2335
"234",2015,"latewood",0.7835,0.3175,0.466,0.3915,0.212,NA,NA,0.3915,1.4395,0.529,0.8265,1.228
"235",2015,NA,NA,NA,NA,NA,NA,0.741,0.317,NA,NA,NA,NA,NA
"236",2016,"earlywood",0.73,0.593,0.6355,0.593,0.614,NA,NA,0.7415,0.963,1.27,0.699,1.3335
"237",2016,"latewood",0.868,0.2435,0.328,0.3175,0.36,NA,NA,0.318,1.4075,0.804,0.985,1.281
"238",2016,NA,NA,NA,NA,NA,NA,0.741,0.211,NA,NA,NA,NA,NA
"239",2017,"earlywood",0.752,0.5295,0.603,0.6875,0.508,NA,NA,0.762,1.016,0.8995,0.6245,0.9635
"240",2017,"latewood",0.8785,0.2435,0.275,0.3175,0.296,NA,NA,0.3705,1.3445,0.445,0.7515,0.941
"241",2017,NA,NA,NA,NA,NA,NA,0.383,0.296,NA,NA,NA,NA,NA
"242",2018,"earlywood",1.3235,0.635,0.624,0.72,0.551,NA,NA,0.741,0.995,0.9945,0.8045,1.1325
"243",2018,"latewood",1.048,0.286,0.4445,0.222,0.254,NA,NA,0.498,1.1955,0.6455,0.71,0.7835
"244",2018,NA,NA,NA,NA,NA,NA,0.36,0.339,NA,NA,NA,NA,NA
"245",2019,"earlywood",0.8995,0.572,0.6565,0.6985,0.487,NA,NA,0.952,1.1005,1.175,0.6565,1.0695
"246",2019,"latewood",2.9855,0.466,0.4445,0.6675,0.317,NA,NA,0.4345,1.5775,1.164,0.741,0.9845
"247",2019,NA,NA,NA,NA,NA,NA,0.548,0.256,NA,NA,NA,NA,NA
"248",2020,"earlywood",2.7735,0.6775,0.6245,0.6035,0.635,NA,NA,0.688,1.6085,1.8415,1.017,1.895
"249",2020,"latewood",2.7105,0.4555,0.487,0.5925,0.19,NA,NA,0.582,1.979,1.344,1.101,1.4925
"250",2020,NA,NA,NA,NA,NA,NA,0.486,0.212,NA,NA,NA,NA,NA
"251",2021,"earlywood",2.3295,0.6885,0.6245,0.6135,0.635,NA,NA,0.9315,1.6825,1.831,1.196,2.011
"252",2021,"latewood",1.736,0.4875,0.349,0.6565,0.169,NA,NA,0.3065,2.0425,1.7565,0.8685,1.292
"253",2021,NA,NA,NA,NA,NA,NA,0.593,0.169,NA,NA,NA,NA,NA
"254",2022,"earlywood",1.863,0.4975,0.54,0.519,0.572,NA,NA,1.027,1.302,2.5825,1.281,1.5455
"255",2022,"latewood",1.0695,0.2445,0.2855,0.4755,0.19,NA,NA,0.381,1.0435,1.4505,1.08,1.1115
"256",2022,NA,NA,NA,NA,NA,NA,0.402,0.381,NA,NA,NA,NA,NA
"257",2023,"earlywood",1.0905,0.582,0.3495,0.455,0.487,NA,NA,0.816,1.4715,1.577,1.0585,1.3125
"258",2023,"latewood",0.8575,0.275,0.339,0.466,0.213,NA,NA,0.529,0.7935,0.942,0.932,0.8265
"259",2023,NA,NA,NA,NA,NA,NA,0.403,0.339,NA,NA,NA,NA,NA
"260",2024,"earlywood",1.048,0.4445,0.2645,0.2965,0.487,NA,NA,0.7515,1.3865,2.265,NA,1.1645
"261",2024,"latewood",0.879,0.213,0.2115,0.5925,0.085,NA,NA,0.614,1.397,1.3335,NA,0.794
"262",2024,NA,NA,NA,NA,NA,NA,0.36,0.318,NA,NA,NA,NA,NA
"263",2025,"earlywood",NA,NA,NA,NA,NA,NA,NA,0.847,NA,NA,NA,NA
"264",2025,"latewood",NA,NA,NA,NA,NA,NA,NA,0.762,NA,NA,NA,NA
