"","year","tree_id","wood_type","ring_width"
"1",1931,"311_","earlywood",0.148
"2",1931,"311_","latewood",0.106
"3",1932,"311_","earlywood",0.191
"4",1932,"311_","latewood",0.085
"5",1933,"311_","earlywood",0.127
"6",1933,"311_","latewood",0.127
"7",1934,"311_","earlywood",0.212
"8",1934,"311_","latewood",0.085
"9",1935,"311_","earlywood",0.149
"10",1935,"311_","latewood",0.38
"11",1936,"311_","earlywood",0.169
"12",1936,"311_","latewood",0.106
"13",1937,"311_","earlywood",0.127
"14",1937,"311_","latewood",0.085
"15",1938,"311_","earlywood",0.17
"16",1938,"311_","latewood",0.085
"17",1939,"311_","earlywood",1.291
"18",1939,"311_","latewood",0.064
"19",1940,"311_","earlywood",0.106
"20",1940,"311_","latewood",0.063
"21",1941,"311_","earlywood",0.128
"22",1941,"311_","latewood",0.063
"23",1942,"311_","earlywood",0.127
"24",1942,"311_","latewood",0.063
"25",1943,"311_","earlywood",0.191
"26",1943,"311_","latewood",0.085
"27",1944,"311_","earlywood",0.1585
"28",1944,"311_","latewood",0.1275
"29",1945,"311_","earlywood",0.159
"30",1945,"311_","latewood",0.0845
"31",1946,"311_","earlywood",0.1375
"32",1946,"311_","latewood",0.085
"33",1947,"311_","earlywood",0.0845
"34",1947,"311_","latewood",0.0745
"35",1948,"311_","earlywood",0.1265
"36",1948,"311_","latewood",0.0965
"37",1949,"311_","earlywood",0.1485
"38",1949,"311_","latewood",0.0955
"39",1950,"311_","earlywood",0.138
"40",1950,"311_","latewood",0.063
"41",1951,"309_","earlywood",0.307
"42",1951,"309_","latewood",0.2335
"43",1951,"310_","earlywood",0.582
"44",1951,"310_","latewood",0.476
"45",1951,"311_","earlywood",0.1265
"46",1951,"311_","latewood",0.0755
"47",1951,"646_","earlywood",0.435
"48",1951,"646_","latewood",0.5075
"49",1951,"648_","earlywood",0.36
"50",1951,"648_","latewood",0.317
"51",1951,"648_B2E",NA,0.36
"52",1951,"648_B2L",NA,0.254
"53",1951,"652_","earlywood",0.36
"54",1951,"652_","latewood",0.297
"55",1952,"309_","earlywood",0.212
"56",1952,"309_","latewood",0.2545
"57",1952,"310_","earlywood",0.5715
"58",1952,"310_","latewood",0.688
"59",1952,"311_","earlywood",0.0975
"60",1952,"311_","latewood",0.042
"61",1952,"646_","earlywood",0.6465
"62",1952,"646_","latewood",0.878
"63",1952,"648_","earlywood",0.445
"64",1952,"648_","latewood",0.444
"65",1952,"648_B2E",NA,0.381
"66",1952,"648_B2L",NA,0.36
"67",1952,"652_","earlywood",0.519
"68",1952,"652_","latewood",0.318
"69",1953,"309_","earlywood",0.286
"70",1953,"309_","latewood",0.286
"71",1953,"310_","earlywood",1.048
"72",1953,"310_","latewood",0.868
"73",1953,"311_","earlywood",0.0755
"74",1953,"311_","latewood",0.063
"75",1953,"646_","earlywood",0.3915
"76",1953,"646_","latewood",0.614
"77",1953,"648_","earlywood",0.402
"78",1953,"648_","latewood",0.275
"79",1953,"648_B2E",NA,0.296
"80",1953,"648_B2L",NA,0.466
"81",1953,"652_","earlywood",0.455
"82",1953,"652_","latewood",0.3815
"83",1954,"309_","earlywood",0.2965
"84",1954,"309_","latewood",0.3175
"85",1954,"310_","earlywood",1.27
"86",1954,"310_","latewood",1.1215
"87",1954,"311_","earlywood",0.1165
"88",1954,"311_","latewood",0.085
"89",1954,"646_","earlywood",0.687
"90",1954,"646_","latewood",0.815
"91",1954,"648_","earlywood",0.275
"92",1954,"648_","latewood",0.19
"93",1954,"648_B2E",NA,0.274
"94",1954,"648_B2L",NA,0.212
"95",1954,"652_","earlywood",0.54
"96",1954,"652_","latewood",0.868
"97",1955,"309_","earlywood",0.3805
"98",1955,"309_","latewood",0.202
"99",1955,"310_","earlywood",0.942
"100",1955,"310_","latewood",0.9525
"101",1955,"311_","earlywood",0.1165
"102",1955,"311_","latewood",0.085
"103",1955,"646_","earlywood",0.5605
"104",1955,"646_","latewood",1.069
"105",1955,"648_","earlywood",0.233
"106",1955,"648_","latewood",0.234
"107",1955,"648_B2E",NA,0.275
"108",1955,"648_B2L",NA,0.297
"109",1955,"652_","earlywood",0.614
"110",1955,"652_","latewood",1.0055
"111",1956,"309_","earlywood",0.3385
"112",1956,"309_","latewood",0.339
"113",1956,"310_","earlywood",0.7305
"114",1956,"310_","latewood",0.7725
"115",1956,"311_","earlywood",0.1155
"116",1956,"311_","latewood",0.0645
"117",1956,"646_","earlywood",0.889
"118",1956,"646_","latewood",1.2065
"119",1956,"648_","earlywood",0.254
"120",1956,"648_","latewood",0.296
"121",1956,"648_B2E",NA,0.275
"122",1956,"648_B2L",NA,0.296
"123",1956,"652_","earlywood",0.6355
"124",1956,"652_","latewood",0.794
"125",1957,"309_","earlywood",0.3705
"126",1957,"309_","latewood",0.3175
"127",1957,"310_","earlywood",0.688
"128",1957,"310_","latewood",0.582
"129",1957,"311_","earlywood",0.127
"130",1957,"311_","latewood",0.053
"131",1957,"646_","earlywood",0.9525
"132",1957,"646_","latewood",0.942
"133",1957,"648_","earlywood",0.339
"134",1957,"648_","latewood",0.403
"135",1957,"648_B2E",NA,0.254
"136",1957,"648_B2L",NA,0.296
"137",1957,"652_","earlywood",0.688
"138",1957,"652_","latewood",0.7305
"139",1958,"309_","earlywood",0.6245
"140",1958,"309_","latewood",0.2025
"141",1958,"310_","earlywood",0.9315
"142",1958,"310_","latewood",0.6885
"143",1958,"311_","earlywood",0.1275
"144",1958,"311_","latewood",0.0525
"145",1958,"646_","earlywood",1.0055
"146",1958,"646_","latewood",0.6985
"147",1958,"648_","earlywood",0.508
"148",1958,"648_","latewood",0.318
"149",1958,"648_B2E",NA,0.445
"150",1958,"648_B2L",NA,0.275
"151",1958,"652_","earlywood",0.741
"152",1958,"652_","latewood",0.7305
"153",1959,"309_","earlywood",0.5715
"154",1959,"309_","latewood",0.212
"155",1959,"310_","earlywood",0.762
"156",1959,"310_","latewood",0.6035
"157",1959,"311_","earlywood",0.096
"158",1959,"311_","latewood",0.0955
"159",1959,"646_","earlywood",0.868
"160",1959,"646_","latewood",0.6135
"161",1959,"648_","earlywood",0.424
"162",1959,"648_","latewood",0.275
"163",1959,"648_B2E",NA,0.339
"164",1959,"648_B2L",NA,0.36
"165",1959,"652_","earlywood",0.9315
"166",1959,"652_","latewood",0.889
"167",1960,"309_","earlywood",0.466
"168",1960,"309_","latewood",0.519
"169",1960,"310_","earlywood",0.8785
"170",1960,"310_","latewood",0.8465
"171",1960,"311_","earlywood",0.1065
"172",1960,"311_","latewood",0.095
"173",1960,"646_","earlywood",0.921
"174",1960,"646_","latewood",1.069
"175",1960,"648_","earlywood",0.402
"176",1960,"648_","latewood",0.381
"177",1960,"648_B2E",NA,0.212
"178",1960,"648_B2L",NA,0.572
"179",1960,"652_","earlywood",1.0485
"180",1960,"652_","latewood",0.984
"181",1961,"309_","earlywood",0.5295
"182",1961,"309_","latewood",0.381
"183",1961,"310_","earlywood",1.0055
"184",1961,"310_","latewood",0.7305
"185",1961,"311_","earlywood",0.0955
"186",1961,"311_","latewood",0.0635
"187",1961,"646_","earlywood",0.783
"188",1961,"646_","latewood",0.275
"189",1961,"648_","earlywood",0.572
"190",1961,"648_","latewood",0.275
"191",1961,"648_B2E",NA,0.381
"192",1961,"648_B2L",NA,0.466
"193",1961,"652_","earlywood",1.164
"194",1961,"652_","latewood",0.963
"195",1962,"309_","earlywood",0.4235
"196",1962,"309_","latewood",0.5295
"197",1962,"310_","earlywood",0.762
"198",1962,"310_","latewood",0.8785
"199",1962,"311_","earlywood",0.063
"200",1962,"311_","latewood",0.0645
"201",1962,"646_","earlywood",0.519
"202",1962,"646_","latewood",0.381
"203",1962,"648_","earlywood",0.466
"204",1962,"648_","latewood",0.466
"205",1962,"648_B2E",NA,0.317
"206",1962,"648_B2L",NA,0.572
"207",1962,"652_","earlywood",1.1645
"208",1962,"652_","latewood",1.2595
"209",1963,"309_","earlywood",0.498
"210",1963,"309_","latewood",0.7945
"211",1963,"310_","earlywood",0.9315
"212",1963,"310_","latewood",0.868
"213",1963,"311_","earlywood",0.127
"214",1963,"311_","latewood",0.0635
"215",1963,"646_","earlywood",0.699
"216",1963,"646_","latewood",1.0055
"217",1963,"648_","earlywood",0.656
"218",1963,"648_","latewood",0.571
"219",1963,"648_B2E",NA,0.805
"220",1963,"648_B2L",NA,0.614
"221",1963,"652_","earlywood",1.1535
"222",1963,"652_","latewood",1.715
"223",1964,"309_","earlywood",0.731
"224",1964,"309_","latewood",0.561
"225",1964,"310_","earlywood",0.889
"226",1964,"310_","latewood",0.6985
"227",1964,"311_","earlywood",0.106
"228",1964,"311_","latewood",0.064
"229",1964,"646_","earlywood",1.0475
"230",1964,"646_","latewood",0.942
"231",1964,"648_","earlywood",1.312
"232",1964,"648_","latewood",0.508
"233",1964,"648_B2E",NA,1.101
"234",1964,"648_B2L",NA,0.487
"235",1964,"652_","earlywood",1.038
"236",1964,"652_","latewood",1.757
"237",1965,"309_","earlywood",0.879
"238",1965,"309_","latewood",1.0695
"239",1965,"310_","earlywood",0.6775
"240",1965,"310_","latewood",0.6245
"241",1965,"311_","earlywood",0.1675
"242",1965,"311_","latewood",0.066
"243",1965,"646_","earlywood",2.889
"244",1965,"646_","latewood",0.921
"245",1965,"648_","earlywood",0.995
"246",1965,"648_","latewood",0.55
"247",1965,"648_B2E",NA,0.974
"248",1965,"648_B2L",NA,0.508
"249",1965,"652_","earlywood",0.974
"250",1965,"652_","latewood",0.7935
"251",1966,"309_","earlywood",0.7625
"252",1966,"309_","latewood",0.6355
"253",1966,"310_","earlywood",0.4975
"254",1966,"310_","latewood",0.3705
"255",1966,"311_","earlywood",0.148
"256",1966,"311_","latewood",0.053
"257",1966,"646_","earlywood",1.27
"258",1966,"646_","latewood",1.376
"259",1966,"648_","earlywood",0.487
"260",1966,"648_","latewood",0.508
"261",1966,"648_B2E",NA,0.487
"262",1966,"648_B2L",NA,0.505
"263",1966,"652_","earlywood",0.7725
"264",1966,"652_","latewood",0.466
"265",1967,"309_","earlywood",0.9315
"266",1967,"309_","latewood",0.508
"267",1967,"310_","earlywood",0.5505
"268",1967,"310_","latewood",0.508
"269",1967,"311_","earlywood",0.2435
"270",1967,"311_","latewood",0.0425
"271",1967,"646_","earlywood",1.8735
"272",1967,"646_","latewood",0.963
"273",1967,"648_","earlywood",0.805
"274",1967,"648_","latewood",0.487
"275",1967,"648_B2E",NA,0.868
"276",1967,"648_B2L",NA,0.317
"277",1967,"652_","earlywood",0.932
"278",1967,"652_","latewood",0.349
"279",1968,"309_","earlywood",0.5825
"280",1968,"309_","latewood",0.307
"281",1968,"310_","earlywood",0.4445
"282",1968,"310_","latewood",0.529
"283",1968,"311_","earlywood",0.1585
"284",1968,"311_","latewood",0.0315
"285",1968,"646_","earlywood",1.185
"286",1968,"646_","latewood",0.8365
"287",1968,"648_","earlywood",0.487
"288",1968,"648_","latewood",0.402
"289",1968,"648_B2E",NA,0.445
"290",1968,"648_B2L",NA,0.317
"291",1968,"652_","earlywood",1.048
"292",1968,"652_","latewood",0.561
"293",1968,"655_","earlywood",2.455
"294",1968,"655_","latewood",1.037
"295",1969,"309_","earlywood",0.731
"296",1969,"309_","latewood",0.4765
"297",1969,"310_","earlywood",0.5395
"298",1969,"310_","latewood",0.4975
"299",1969,"311_","earlywood",0.159
"300",1969,"311_","latewood",0.0845
"301",1969,"646_","earlywood",0.9205
"302",1969,"646_","latewood",1.905
"303",1969,"648_","earlywood",0.783
"304",1969,"648_","latewood",0.635
"305",1969,"648_B2E",NA,0.783
"306",1969,"648_B2L",NA,0.487
"307",1969,"652_","earlywood",1.037
"308",1969,"652_","latewood",1.2595
"309",1969,"655_","earlywood",2.688
"310",1969,"655_","latewood",1.058
"311",1970,"309_","earlywood",0.71
"312",1970,"309_","latewood",0.4555
"313",1970,"310_","earlywood",0.582
"314",1970,"310_","latewood",0.381
"315",1970,"311_","earlywood",0.223
"316",1970,"311_","latewood",0.0955
"317",1970,"646_","earlywood",1.291
"318",1970,"646_","latewood",1.0585
"319",1970,"648_","earlywood",0.805
"320",1970,"648_","latewood",0.487
"321",1970,"648_B2E",NA,0.635
"322",1970,"648_B2L",NA,0.529
"323",1970,"652_","earlywood",0.847
"324",1970,"652_","latewood",1.7145
"325",1970,"655_","earlywood",4.276
"326",1970,"655_","latewood",1.376
"327",1971,"309_","earlywood",0.7725
"328",1971,"309_","latewood",0.5825
"329",1971,"310_","earlywood",0.5505
"330",1971,"310_","latewood",0.4655
"331",1971,"311_","earlywood",0.2965
"332",1971,"311_","latewood",0.1165
"333",1971,"646_","earlywood",1.9365
"334",1971,"646_","latewood",0.7195
"335",1971,"648_","earlywood",1.207
"336",1971,"648_","latewood",0.529
"337",1971,"648_B2E",NA,0.804
"338",1971,"648_B2L",NA,0.487
"339",1971,"652_","earlywood",0.995
"340",1971,"652_","latewood",1.6935
"341",1971,"654_","earlywood",8.139
"342",1971,"654_","latewood",1.908
"343",1971,"655_","earlywood",4.361
"344",1971,"655_","latewood",1.7885
"345",1972,"309_","earlywood",0.9325
"346",1972,"309_","latewood",0.889
"347",1972,"310_","earlywood",0.6665
"348",1972,"310_","latewood",0.635
"349",1972,"311_","earlywood",0.2335
"350",1972,"311_","latewood",0.127
"351",1972,"646_","earlywood",1.0055
"352",1972,"646_","latewood",0.889
"353",1972,"648_","earlywood",0.931
"354",1972,"648_","latewood",1.037
"355",1972,"648_B2E",NA,0.995
"356",1972,"648_B2L",NA,0.508
"357",1972,"652_","earlywood",0.953
"358",1972,"652_","latewood",1.122
"359",1972,"654_","earlywood",5.066
"360",1972,"654_","latewood",1.441
"361",1972,"655_","earlywood",3.546
"362",1972,"655_","latewood",1.907
"363",1973,"309_","earlywood",0.805
"364",1973,"309_","latewood",0.593
"365",1973,"310_","earlywood",0.6245
"366",1973,"310_","latewood",0.4445
"367",1973,"311_","earlywood",0.2225
"368",1973,"311_","latewood",0.106
"369",1973,"646_","earlywood",1.037
"370",1973,"646_","latewood",0.7305
"371",1973,"648_","earlywood",0.931
"372",1973,"648_","latewood",0.656
"373",1973,"648_B2E",NA,0.805
"374",1973,"648_B2L",NA,0.656
"375",1973,"652_","earlywood",0.889
"376",1973,"652_","latewood",0.5085
"377",1973,"654_","earlywood",5.66
"378",1973,"654_","latewood",1.759
"379",1973,"655_","earlywood",2.9105
"380",1973,"655_","latewood",2.6565
"381",1974,"309_","earlywood",0.858
"382",1974,"309_","latewood",0.4445
"383",1974,"310_","earlywood",0.5715
"384",1974,"310_","latewood",0.4125
"385",1974,"311_","earlywood",0.2645
"386",1974,"311_","latewood",0.233
"387",1974,"646_","earlywood",1.2385
"388",1974,"646_","latewood",0.6775
"389",1974,"648_","earlywood",0.635
"390",1974,"648_","latewood",0.423
"391",1974,"648_B2E",NA,0.593
"392",1974,"648_B2L",NA,0.55
"393",1974,"652_","earlywood",0.9735
"394",1974,"652_","latewood",0.328
"395",1974,"654_","earlywood",8.4335
"396",1974,"654_","latewood",2.399
"397",1974,"655_","earlywood",2.932
"398",1974,"655_","latewood",2.127
"399",1975,"309_","earlywood",1.0385
"400",1975,"309_","latewood",0.8675
"401",1975,"310_","earlywood",0.762
"402",1975,"310_","latewood",0.8255
"403",1975,"311_","earlywood",0.3065
"404",1975,"311_","latewood",0.2225
"405",1975,"646_","earlywood",1.6405
"406",1975,"646_","latewood",1.471
"407",1975,"648_","earlywood",0.783
"408",1975,"648_","latewood",0.593
"409",1975,"648_B2E",NA,0.656
"410",1975,"648_B2L",NA,0.635
"411",1975,"652_","earlywood",0.889
"412",1975,"652_","latewood",0.4025
"413",1975,"654_","earlywood",7.5285
"414",1975,"654_","latewood",1.3885
"415",1975,"655_","earlywood",3.26
"416",1975,"655_","latewood",1.7145
"417",1975,"860_","earlywood",2.669
"418",1975,"860_","latewood",2.603
"419",1976,"309_","earlywood",0.8475
"420",1976,"309_","latewood",0.635
"421",1976,"310_","earlywood",0.8355
"422",1976,"310_","latewood",0.953
"423",1976,"311_","earlywood",0.339
"424",1976,"311_","latewood",0.5505
"425",1976,"646_","earlywood",1.3655
"426",1976,"646_","latewood",1.3445
"427",1976,"648_","earlywood",0.572
"428",1976,"648_","latewood",0.444
"429",1976,"648_B2E",NA,0.381
"430",1976,"648_B2L",NA,0.021
"431",1976,"652_","earlywood",0.7305
"432",1976,"652_","latewood",1.0265
"433",1976,"654_","earlywood",6.316
"434",1976,"654_","latewood",1.512
"435",1976,"655_","earlywood",3.0165
"436",1976,"655_","latewood",1.4075
"437",1976,"860_","earlywood",2.754
"438",1976,"860_","latewood",0.931
"439",1977,"309_","earlywood",0.6675
"440",1977,"309_","latewood",0.455
"441",1977,"310_","earlywood",0.688
"442",1977,"310_","latewood",0.6665
"443",1977,"311_","earlywood",0.4125
"444",1977,"311_","latewood",0.265
"445",1977,"646_","earlywood",1.344
"446",1977,"646_","latewood",0.7195
"447",1977,"648_","earlywood",0.826
"448",1977,"648_","latewood",0.508
"449",1977,"648_B2E",NA,0.677
"450",1977,"648_B2L",NA,0.551
"451",1977,"652_","earlywood",0.773
"452",1977,"652_","latewood",0.921
"453",1977,"654_","earlywood",4.4435
"454",1977,"654_","latewood",1.2835
"455",1977,"655_","earlywood",2.5405
"456",1977,"655_","latewood",1.4395
"457",1977,"860_","earlywood",1.567
"458",1977,"860_","latewood",1.016
"459",1978,"309_","earlywood",0.5505
"460",1978,"309_","latewood",0.7725
"461",1978,"310_","earlywood",0.762
"462",1978,"310_","latewood",0.9525
"463",1978,"311_","earlywood",0.318
"464",1978,"311_","latewood",0.201
"465",1978,"646_","earlywood",0.9
"466",1978,"646_","latewood",0.8575
"467",1978,"648_","earlywood",1.249
"468",1978,"648_","latewood",0.55
"469",1978,"648_B2E",NA,1.122
"470",1978,"648_B2L",NA,0.551
"471",1978,"652_","earlywood",1.122
"472",1978,"652_","latewood",1.186
"473",1978,"654_","earlywood",3.27
"474",1978,"654_","latewood",2.161
"475",1978,"655_","earlywood",1.397
"476",1978,"655_","latewood",1.5875
"477",1978,"656_","earlywood",9.443
"478",1978,"656_","latewood",5.08
"479",1978,"860_","earlywood",1.312
"480",1978,"860_","latewood",1.333
"481",1979,"309_","earlywood",0.5085
"482",1979,"309_","latewood",0.498
"483",1979,"310_","earlywood",0.752
"484",1979,"310_","latewood",0.4025
"485",1979,"311_","earlywood",0.2645
"486",1979,"311_","latewood",0.2225
"487",1979,"646_","earlywood",0.73
"488",1979,"646_","latewood",0.6245
"489",1979,"648_","earlywood",1.016
"490",1979,"648_","latewood",0.571
"491",1979,"648_B2E",NA,0.783
"492",1979,"648_B2L",NA,0.571
"493",1979,"652_","earlywood",1.207
"494",1979,"652_","latewood",0.794
"495",1979,"654_","earlywood",2.899
"496",1979,"654_","latewood",1.8005
"497",1979,"655_","earlywood",1.619
"498",1979,"655_","latewood",0.9105
"499",1979,"656_","earlywood",5.6095
"500",1979,"656_","latewood",2.837
"501",1979,"860_","earlywood",1.674
"502",1979,"860_","latewood",2.371
"503",1980,"309_","earlywood",0.805
"504",1980,"309_","latewood",0.593
"505",1980,"310_","earlywood",0.762
"506",1980,"310_","latewood",0.54
"507",1980,"311_","earlywood",0.4445
"508",1980,"311_","latewood",0.4025
"509",1980,"646_","earlywood",1.312
"510",1980,"646_","latewood",0.6565
"511",1980,"648_","earlywood",1.185
"512",1980,"648_","latewood",0.55
"513",1980,"648_B2E",NA,1.016
"514",1980,"648_B2L",NA,0.699
"515",1980,"652_","earlywood",1.291
"516",1980,"652_","latewood",0.9525
"517",1980,"654_","earlywood",5.207
"518",1980,"654_","latewood",1.6515
"519",1980,"655_","earlywood",1.715
"520",1980,"655_","latewood",0.899
"521",1980,"656_","earlywood",6.965
"522",1980,"656_","latewood",2.593
"523",1980,"860_","earlywood",2.286
"524",1980,"860_","latewood",2.564
"525",1981,"309_","earlywood",0.975
"526",1981,"309_","latewood",0.8365
"527",1981,"310_","earlywood",0.974
"528",1981,"310_","latewood",0.963
"529",1981,"311_","earlywood",0.4765
"530",1981,"311_","latewood",0.3385
"531",1981,"646_","earlywood",1.9895
"532",1981,"646_","latewood",1.0055
"533",1981,"648_","earlywood",1.461
"534",1981,"648_","latewood",0.296
"535",1981,"648_B2E",NA,1.418
"536",1981,"648_B2L",NA,0.487
"537",1981,"652_","earlywood",1.355
"538",1981,"652_","latewood",1.037
"539",1981,"654_","earlywood",3.7575
"540",1981,"654_","latewood",1.7675
"541",1981,"655_","earlywood",1.3865
"542",1981,"655_","latewood",1.2595
"543",1981,"656_","earlywood",6.024
"544",1981,"656_","latewood",3.071
"545",1981,"860_","earlywood",3.324
"546",1981,"860_","latewood",2.1695
"547",1982,"309_","earlywood",0.9005
"548",1982,"309_","latewood",0.709
"549",1982,"310_","earlywood",0.8465
"550",1982,"310_","latewood",0.995
"551",1982,"311_","earlywood",0.4445
"552",1982,"311_","latewood",0.3285
"553",1982,"646_","earlywood",1.1535
"554",1982,"646_","latewood",0.7195
"555",1982,"648_","earlywood",0.72
"556",1982,"648_","latewood",0.423
"557",1982,"648_B2E",NA,0.699
"558",1982,"648_B2L",NA,0.508
"559",1982,"652_","earlywood",1.1435
"560",1982,"652_","latewood",0.8145
"561",1982,"654_","earlywood",3.8105
"562",1982,"654_","latewood",2.4555
"563",1982,"655_","earlywood",1.4815
"564",1982,"655_","latewood",1.99
"565",1982,"656_","earlywood",6.4695
"566",1982,"656_","latewood",2.922
"567",1982,"860_","earlywood",2.739
"568",1982,"860_","latewood",1.9205
"569",1983,"309_","earlywood",1.0165
"570",1983,"309_","latewood",1.292
"571",1983,"310_","earlywood",0.847
"572",1983,"310_","latewood",1.397
"573",1983,"311_","earlywood",0.4125
"574",1983,"311_","latewood",0.3285
"575",1983,"646_","earlywood",1.0795
"576",1983,"646_","latewood",1.958
"577",1983,"648_","earlywood",0.762
"578",1983,"648_","latewood",0.508
"579",1983,"648_B2E",NA,0.826
"580",1983,"648_B2L",NA,0.423
"581",1983,"652_","earlywood",1.0055
"582",1983,"652_","latewood",0.5505
"583",1983,"654_","earlywood",2.678
"584",1983,"654_","latewood",2.7415
"585",1983,"655_","earlywood",1.736
"586",1983,"655_","latewood",2.011
"587",1983,"656_","earlywood",4.0135
"588",1983,"656_","latewood",2.986
"589",1983,"860_","earlywood",2.0585
"590",1983,"860_","latewood",2.505
"591",1984,"309_","earlywood",1.059
"592",1984,"309_","latewood",0.7515
"593",1984,"310_","earlywood",0.8995
"594",1984,"310_","latewood",0.9415
"595",1984,"311_","earlywood",0.444
"596",1984,"311_","latewood",0.4445
"597",1984,"646_","earlywood",1.2275
"598",1984,"646_","latewood",0.794
"599",1984,"648_","earlywood",0.635
"600",1984,"648_","latewood",0.275
"601",1984,"648_B2E",NA,0.826
"602",1984,"648_B2L",NA,0.233
"603",1984,"652_","earlywood",1.1325
"604",1984,"652_","latewood",1.048
"605",1984,"654_","earlywood",2.9955
"606",1984,"654_","latewood",1.8945
"607",1984,"655_","earlywood",1.7145
"608",1984,"655_","latewood",1.228
"609",1984,"656_","earlywood",4.15
"610",1984,"656_","latewood",2.1605
"611",1984,"860_","earlywood",2.207
"612",1984,"860_","latewood",1.4855
"613",1985,"309_","earlywood",0.964
"614",1985,"309_","latewood",0.466
"615",1985,"310_","earlywood",0.741
"616",1985,"310_","latewood",0.4445
"617",1985,"311_","earlywood",0.5925
"618",1985,"311_","latewood",0.339
"619",1985,"646_","earlywood",0.9735
"620",1985,"646_","latewood",0.751
"621",1985,"648_","earlywood",0.487
"622",1985,"648_","latewood",0.275
"623",1985,"648_B2E",NA,0.614
"624",1985,"648_B2L",NA,0.254
"625",1985,"652_","earlywood",1.2175
"626",1985,"652_","latewood",0.752
"627",1985,"654_","earlywood",2.4025
"628",1985,"654_","latewood",1.45
"629",1985,"655_","earlywood",1.397
"630",1985,"655_","latewood",1.0795
"631",1985,"656_","earlywood",3.6525
"632",1985,"656_","latewood",1.472
"633",1985,"860_","earlywood",2.058
"634",1985,"860_","latewood",1.475
"635",1986,"309_","earlywood",0.9315
"636",1986,"309_","latewood",0.751
"637",1986,"310_","earlywood",0.582
"638",1986,"310_","latewood",0.54
"639",1986,"311_","earlywood",0.4975
"640",1986,"311_","latewood",0.466
"641",1986,"646_","earlywood",0.8255
"642",1986,"646_","latewood",0.6035
"643",1986,"648_","earlywood",0.741
"644",1986,"648_","latewood",0.487
"645",1986,"648_B2E",NA,0.72
"646",1986,"648_B2L",NA,0.423
"647",1986,"652_","earlywood",1.2385
"648",1986,"652_","latewood",0.889
"649",1986,"654_","earlywood",2.2655
"650",1986,"654_","latewood",1.5345
"651",1986,"655_","earlywood",1.164
"652",1986,"655_","latewood",1.238
"653",1986,"656_","earlywood",2.0545
"654",1986,"656_","latewood",1.44
"655",1986,"860_","earlywood",1.039
"656",1986,"860_","latewood",1.4745
"657",1987,"309_","earlywood",0.6775
"658",1987,"309_","latewood",0.7305
"659",1987,"310_","earlywood",0.7515
"660",1987,"310_","latewood",0.466
"661",1987,"311_","earlywood",0.5715
"662",1987,"311_","latewood",0.5825
"663",1987,"646_","earlywood",0.731
"664",1987,"646_","latewood",0.317
"665",1987,"648_","earlywood",0.572
"666",1987,"648_","latewood",0.381
"667",1987,"648_B2E",NA,0.487
"668",1987,"648_B2L",NA,0.317
"669",1987,"652_","earlywood",1.1755
"670",1987,"652_","latewood",0.995
"671",1987,"654_","earlywood",1.704
"672",1987,"654_","latewood",1.916
"673",1987,"655_","earlywood",1.1115
"674",1987,"655_","latewood",1.408
"675",1987,"656_","earlywood",2.245
"676",1987,"656_","latewood",2.329
"677",1987,"860_","earlywood",0.9105
"678",1987,"860_","latewood",1.5815
"679",1988,"309_","earlywood",0.8785
"680",1988,"309_","latewood",0.5295
"681",1988,"310_","earlywood",0.6245
"682",1988,"310_","latewood",0.497
"683",1988,"311_","earlywood",0.6775
"684",1988,"311_","latewood",0.4865
"685",1988,"646_","earlywood",1.036
"686",1988,"646_","latewood",0.709
"687",1988,"648_","earlywood",0.699
"688",1988,"648_","latewood",0.381
"689",1988,"648_B2E",NA,0.635
"690",1988,"648_B2L",NA,0.36
"691",1988,"652_","earlywood",1.0055
"692",1988,"652_","latewood",0.5085
"693",1988,"654_","earlywood",2.117
"694",1988,"654_","latewood",1.7465
"695",1988,"655_","earlywood",0.942
"696",1988,"655_","latewood",1.3125
"697",1988,"656_","earlywood",3.399
"698",1988,"656_","latewood",2.033
"699",1988,"860_","earlywood",2.428
"700",1988,"860_","latewood",2.6175
"701",1989,"309_","earlywood",0.826
"702",1989,"309_","latewood",0.889
"703",1989,"310_","earlywood",0.413
"704",1989,"310_","latewood",0.3815
"705",1989,"311_","earlywood",0.7305
"706",1989,"311_","latewood",1.281
"707",1989,"646_","earlywood",1.175
"708",1989,"646_","latewood",1.238
"709",1989,"648_","earlywood",0.805
"710",1989,"648_","latewood",0.444
"711",1989,"648_B2E",NA,0.55
"712",1989,"648_B2L",NA,0.656
"713",1989,"652_","earlywood",0.815
"714",1989,"652_","latewood",0.3175
"715",1989,"654_","earlywood",1.9475
"716",1989,"654_","latewood",2.371
"717",1989,"655_","earlywood",1.3545
"718",1989,"655_","latewood",1.5665
"719",1989,"656_","earlywood",2.181
"720",1989,"656_","latewood",2.276
"721",1989,"860_","earlywood",1.5565
"722",1989,"860_","latewood",1.8325
"723",1990,"309_","earlywood",0.8795
"724",1990,"309_","latewood",0.8465
"725",1990,"310_","earlywood",0.741
"726",1990,"310_","latewood",1.1325
"727",1990,"311_","earlywood",1.048
"728",1990,"311_","latewood",0.995
"729",1990,"646_","earlywood",2.35
"730",1990,"646_","latewood",0.921
"731",1990,"648_","earlywood",0.868
"732",1990,"648_","latewood",0.423
"733",1990,"648_B2E",NA,0.783
"734",1990,"648_B2L",NA,0.466
"735",1990,"652_","earlywood",0.7725
"736",1990,"652_","latewood",0.4025
"737",1990,"654_","earlywood",2.3285
"738",1990,"654_","latewood",2.096
"739",1990,"655_","earlywood",1.1645
"740",1990,"655_","latewood",1.2385
"741",1990,"656_","earlywood",2.393
"742",1990,"656_","latewood",1.5885
"743",1990,"860_","earlywood",1.864
"744",1990,"860_","latewood",1.3025
"745",1991,"309_","earlywood",0.4975
"746",1991,"309_","latewood",0.382
"747",1991,"310_","earlywood",0.508
"748",1991,"310_","latewood",0.8365
"749",1991,"311_","earlywood",0.921
"750",1991,"311_","latewood",1.524
"751",1991,"646_","earlywood",1.852
"752",1991,"646_","latewood",1.1005
"753",1991,"648_","earlywood",0.889
"754",1991,"648_","latewood",0.55
"755",1991,"648_B2E",NA,0.826
"756",1991,"648_B2L",NA,0.55
"757",1991,"652_","earlywood",0.762
"758",1991,"652_","latewood",0.53
"759",1991,"654_","earlywood",1.344
"760",1991,"654_","latewood",1.3445
"761",1991,"655_","earlywood",1.217
"762",1991,"655_","latewood",1.386
"763",1991,"656_","earlywood",2.4745
"764",1991,"656_","latewood",1.495
"765",1991,"860_","earlywood",1.1115
"766",1991,"860_","latewood",1.366
"767",1992,"309_","earlywood",0.6145
"768",1992,"309_","latewood",0.6355
"769",1992,"310_","earlywood",0.508
"770",1992,"310_","latewood",0.6035
"771",1992,"311_","earlywood",1.3555
"772",1992,"311_","latewood",1.723
"773",1992,"646_","earlywood",1.7465
"774",1992,"646_","latewood",1.228
"775",1992,"648_","earlywood",0.931
"776",1992,"648_","latewood",0.55
"777",1992,"648_B2E",NA,0.762
"778",1992,"648_B2L",NA,0.572
"779",1992,"652_","earlywood",0.741
"780",1992,"652_","latewood",0.4335
"781",1992,"654_","earlywood",1.768
"782",1992,"654_","latewood",1.175
"783",1992,"655_","earlywood",0.688
"784",1992,"655_","latewood",1.016
"785",1992,"656_","earlywood",2.022
"786",1992,"656_","latewood",1.715
"787",1992,"860_","earlywood",1.4295
"788",1992,"860_","latewood",1.7895
"789",1993,"309_","earlywood",0.445
"790",1993,"309_","latewood",0.381
"791",1993,"310_","earlywood",0.5615
"792",1993,"310_","latewood",0.402
"793",1993,"311_","earlywood",1.0165
"794",1993,"311_","latewood",1.228
"795",1993,"646_","earlywood",0.762
"796",1993,"646_","latewood",0.942
"797",1993,"648_","earlywood",0.529
"798",1993,"648_","latewood",0.656
"799",1993,"648_B2E",NA,0.529
"800",1993,"648_B2L",NA,0.656
"801",1993,"652_","earlywood",0.7515
"802",1993,"652_","latewood",0.4555
"803",1993,"654_","earlywood",0.9735
"804",1993,"654_","latewood",1.016
"805",1993,"655_","earlywood",0.656
"806",1993,"655_","latewood",0.9
"807",1993,"656_","earlywood",1.0905
"808",1993,"656_","latewood",1.069
"809",1993,"860_","earlywood",0.731
"810",1993,"860_","latewood",1.186
"811",1994,"309_","earlywood",0.773
"812",1994,"309_","latewood",0.3495
"813",1994,"310_","earlywood",0.635
"814",1994,"310_","latewood",0.4445
"815",1994,"311_","earlywood",0.868
"816",1994,"311_","latewood",0.7935
"817",1994,"646_","earlywood",1.037
"818",1994,"646_","latewood",0.7095
"819",1994,"648_","earlywood",0.91
"820",1994,"648_","latewood",0.402
"821",1994,"648_B2E",NA,0.762
"822",1994,"648_B2L",NA,0.318
"823",1994,"652_","earlywood",0.7835
"824",1994,"652_","latewood",0.4765
"825",1994,"654_","earlywood",1.7145
"826",1994,"654_","latewood",1.122
"827",1994,"655_","earlywood",0.688
"828",1994,"655_","latewood",1.069
"829",1994,"656_","earlywood",1.969
"830",1994,"656_","latewood",1.2705
"831",1994,"860_","earlywood",1.196
"832",1994,"860_","latewood",1.3125
"833",1995,"309_","earlywood",0.7195
"834",1995,"309_","latewood",0.266
"835",1995,"310_","earlywood",0.677
"836",1995,"310_","latewood",0.5825
"837",1995,"311_","earlywood",0.8785
"838",1995,"311_","latewood",1.2815
"839",1995,"646_","earlywood",1.7145
"840",1995,"646_","latewood",0.868
"841",1995,"648_","earlywood",0.974
"842",1995,"648_","latewood",0.529
"843",1995,"648_B2E",NA,0.847
"844",1995,"648_B2L",NA,0.593
"845",1995,"652_","earlywood",0.8045
"846",1995,"652_","latewood",0.741
"847",1995,"654_","earlywood",1.355
"848",1995,"654_","latewood",1.09
"849",1995,"655_","earlywood",0.561
"850",1995,"655_","latewood",1.0475
"851",1995,"656_","earlywood",1.5345
"852",1995,"656_","latewood",1.1965
"853",1995,"860_","earlywood",0.9105
"854",1995,"860_","latewood",1.2915
"855",1996,"309_","earlywood",1.0165
"856",1996,"309_","latewood",0.6245
"857",1996,"310_","earlywood",0.921
"858",1996,"310_","latewood",0.942
"859",1996,"311_","earlywood",1.09
"860",1996,"311_","latewood",1.9265
"861",1996,"646_","earlywood",2.4135
"862",1996,"646_","latewood",0.9845
"863",1996,"648_","earlywood",0.931
"864",1996,"648_","latewood",0.656
"865",1996,"648_B2E",NA,0.889
"866",1996,"648_B2L",NA,0.741
"867",1996,"652_","earlywood",0.7305
"868",1996,"652_","latewood",0.9205
"869",1996,"654_","earlywood",2.0535
"870",1996,"654_","latewood",1.4075
"871",1996,"655_","earlywood",0.6035
"872",1996,"655_","latewood",0.8995
"873",1996,"656_","earlywood",1.6305
"874",1996,"656_","latewood",0.963
"875",1996,"860_","earlywood",0.8895
"876",1996,"860_","latewood",1.0165
"877",1997,"309_","earlywood",1.0805
"878",1997,"309_","latewood",0.932
"879",1997,"310_","earlywood",1.0265
"880",1997,"310_","latewood",1.3335
"881",1997,"311_","earlywood",1.376
"882",1997,"311_","latewood",2.541
"883",1997,"646_","earlywood",4.6045
"884",1997,"646_","latewood",0.6775
"885",1997,"648_","earlywood",1.82
"886",1997,"648_","latewood",0.487
"887",1997,"648_B2E",NA,1.461
"888",1997,"648_B2L",NA,0.551
"889",1997,"652_","earlywood",0.667
"890",1997,"652_","latewood",1.2595
"891",1997,"654_","earlywood",1.6515
"892",1997,"654_","latewood",1.3125
"893",1997,"655_","earlywood",0.7305
"894",1997,"655_","latewood",0.857
"895",1997,"656_","earlywood",1.3865
"896",1997,"656_","latewood",1.196
"897",1997,"860_","earlywood",0.8255
"898",1997,"860_","latewood",1.207
"899",1998,"309_","earlywood",1.0905
"900",1998,"309_","latewood",0.9425
"901",1998,"310_","earlywood",1.365
"902",1998,"310_","latewood",0.9105
"903",1998,"311_","earlywood",1.408
"904",1998,"311_","latewood",2.022
"905",1998,"646_","earlywood",4.1065
"906",1998,"646_","latewood",0.7725
"907",1998,"648_","earlywood",1.673
"908",1998,"648_","latewood",0.402
"909",1998,"648_B2E",NA,1.291
"910",1998,"648_B2L",NA,0.466
"911",1998,"652_","earlywood",0.73
"912",1998,"652_","latewood",0.7515
"913",1998,"654_","earlywood",1.577
"914",1998,"654_","latewood",0.847
"915",1998,"655_","earlywood",0.561
"916",1998,"655_","latewood",0.9735
"917",1998,"656_","earlywood",1.725
"918",1998,"656_","latewood",1.207
"919",1998,"860_","earlywood",0.5935
"920",1998,"860_","latewood",1.2595
"921",1999,"309_","earlywood",0.6985
"922",1999,"309_","latewood",0.657
"923",1999,"310_","earlywood",0.794
"924",1999,"310_","latewood",0.846
"925",1999,"311_","earlywood",1.2065
"926",1999,"311_","latewood",1.0905
"927",1999,"646_","earlywood",1.81
"928",1999,"646_","latewood",1.8205
"929",1999,"648_","earlywood",1.312
"930",1999,"648_","latewood",0.741
"931",1999,"648_B2E",NA,1.228
"932",1999,"648_B2L",NA,0.72
"933",1999,"652_","earlywood",0.6245
"934",1999,"652_","latewood",0.656
"935",1999,"654_","earlywood",1.112
"936",1999,"654_","latewood",0.8675
"937",1999,"655_","earlywood",0.677
"938",1999,"655_","latewood",1.2175
"939",1999,"656_","earlywood",1.355
"940",1999,"656_","latewood",1.08
"941",1999,"860_","earlywood",0.403
"942",1999,"860_","latewood",1.0165
"943",2000,"309_","earlywood",0.7515
"944",2000,"309_","latewood",0.6565
"945",2000,"310_","earlywood",0.8465
"946",2000,"310_","latewood",0.8045
"947",2000,"311_","earlywood",1.366
"948",2000,"311_","latewood",1.609
"949",2000,"646_","earlywood",2
"950",2000,"646_","latewood",1.1005
"951",2000,"648_","earlywood",0.995
"952",2000,"648_","latewood",0.698
"953",2000,"648_B2E",NA,0.931
"954",2000,"648_B2L",NA,0.572
"955",2000,"652_","earlywood",0.582
"956",2000,"652_","latewood",0.508
"957",2000,"654_","earlywood",1.2065
"958",2000,"654_","latewood",0.815
"959",2000,"655_","earlywood",0.7515
"960",2000,"655_","latewood",1.0585
"961",2000,"656_","earlywood",1.567
"962",2000,"656_","latewood",1.133
"963",2000,"860_","earlywood",0.2715
"964",2000,"860_","latewood",0.93
"965",2001,"309_","earlywood",0.794
"966",2001,"309_","latewood",1.0695
"967",2001,"310_","earlywood",0.7835
"968",2001,"310_","latewood",1.291
"969",2001,"311_","earlywood",1.366
"970",2001,"311_","latewood",1.355
"971",2001,"646_","earlywood",2.942
"972",2001,"646_","latewood",0.7405
"973",2001,"648_","earlywood",1.122
"974",2001,"648_","latewood",0.741
"975",2001,"648_B2E",NA,1.08
"976",2001,"648_B2L",NA,0.677
"977",2001,"652_","earlywood",0.667
"978",2001,"652_","latewood",0.4445
"979",2001,"654_","earlywood",1.3125
"980",2001,"654_","latewood",0.9525
"981",2001,"655_","earlywood",0.8045
"982",2001,"655_","latewood",0.921
"983",2001,"656_","earlywood",1.3125
"984",2001,"656_","latewood",1.154
"985",2001,"860_","earlywood",0.9425
"986",2001,"860_","latewood",1.376
"987",2002,"309_","earlywood",0.996
"988",2002,"309_","latewood",0.635
"989",2002,"310_","earlywood",0.7095
"990",2002,"310_","latewood",0.7835
"991",2002,"311_","earlywood",1.2485
"992",2002,"311_","latewood",0.678
"993",2002,"646_","earlywood",1.556
"994",2002,"646_","latewood",0.815
"995",2002,"648_","earlywood",1.308
"996",2002,"648_","latewood",0.529
"997",2002,"648_B2E",NA,1.502
"998",2002,"648_B2L",NA,0.381
"999",2002,"652_","earlywood",0.6565
"1000",2002,"652_","latewood",0.466
"1001",2002,"654_","earlywood",1.355
"1002",2002,"654_","latewood",0.5715
"1003",2002,"655_","earlywood",0.646
"1004",2002,"655_","latewood",0.667
"1005",2002,"656_","earlywood",1.7785
"1006",2002,"656_","latewood",0.7195
"1007",2002,"860_","earlywood",1.345
"1008",2002,"860_","latewood",1.143
"1009",2003,"309_","earlywood",0.762
"1010",2003,"309_","latewood",0.572
"1011",2003,"310_","earlywood",0.6565
"1012",2003,"310_","latewood",0.5715
"1013",2003,"311_","earlywood",0.9745
"1014",2003,"311_","latewood",0.7515
"1015",2003,"646_","earlywood",1.154
"1016",2003,"646_","latewood",0.974
"1017",2003,"648_","earlywood",0.931
"1018",2003,"648_","latewood",0.402
"1019",2003,"648_B2E",NA,0.677
"1020",2003,"648_B2L",NA,0.529
"1021",2003,"652_","earlywood",0.5715
"1022",2003,"652_","latewood",0.3815
"1023",2003,"654_","earlywood",1.3125
"1024",2003,"654_","latewood",0.434
"1025",2003,"655_","earlywood",0.646
"1026",2003,"655_","latewood",0.868
"1027",2003,"656_","earlywood",1.069
"1028",2003,"656_","latewood",0.7305
"1029",2003,"860_","earlywood",0.8685
"1030",2003,"860_","latewood",0.8785
"1031",2004,"309_","earlywood",0.836
"1032",2004,"309_","latewood",0.8155
"1033",2004,"310_","earlywood",0.5185
"1034",2004,"310_","latewood",0.466
"1035",2004,"311_","earlywood",0.9735
"1036",2004,"311_","latewood",1.239
"1037",2004,"646_","earlywood",1.0055
"1038",2004,"646_","latewood",1.101
"1039",2004,"648_","earlywood",1.588
"1040",2004,"648_","latewood",0.466
"1041",2004,"648_B2E",NA,1.291
"1042",2004,"648_B2L",NA,0.72
"1043",2004,"652_","earlywood",0.72
"1044",2004,"652_","latewood",0.434
"1045",2004,"654_","earlywood",1.175
"1046",2004,"654_","latewood",0.6775
"1047",2004,"655_","earlywood",0.8255
"1048",2004,"655_","latewood",1.2805
"1049",2004,"656_","earlywood",1.3655
"1050",2004,"656_","latewood",1.059
"1051",2004,"860_","earlywood",0.9955
"1052",2004,"860_","latewood",1.1395
"1053",2005,"309_","earlywood",0.985
"1054",2005,"309_","latewood",0.815
"1055",2005,"310_","earlywood",0.5185
"1056",2005,"310_","latewood",0.529
"1057",2005,"311_","earlywood",1.2385
"1058",2005,"311_","latewood",1.016
"1059",2005,"646_","earlywood",1.249
"1060",2005,"646_","latewood",0.8575
"1061",2005,"648_","earlywood",1.355
"1062",2005,"648_","latewood",0.402
"1063",2005,"648_B2E",NA,1.249
"1064",2005,"648_B2L",NA,0.444
"1065",2005,"652_","earlywood",0.836
"1066",2005,"652_","latewood",0.4765
"1067",2005,"654_","earlywood",1.3015
"1068",2005,"654_","latewood",0.6245
"1069",2005,"655_","earlywood",1.0165
"1070",2005,"655_","latewood",1.27
"1071",2005,"656_","earlywood",1.45
"1072",2005,"656_","latewood",1.228
"1073",2005,"860_","earlywood",1.196
"1074",2005,"860_","latewood",0.911
"1075",2006,"309_","earlywood",0.837
"1076",2006,"309_","latewood",0.7835
"1077",2006,"310_","earlywood",0.6985
"1078",2006,"310_","latewood",0.6455
"1079",2006,"311_","earlywood",1.154
"1080",2006,"311_","latewood",1.164
"1081",2006,"646_","earlywood",1.0375
"1082",2006,"646_","latewood",0.6245
"1083",2006,"648_","earlywood",1.016
"1084",2006,"648_","latewood",0.741
"1085",2006,"648_B2E",NA,1.736
"1086",2006,"648_B2L",NA,0.487
"1087",2006,"652_","earlywood",0.868
"1088",2006,"652_","latewood",0.868
"1089",2006,"654_","earlywood",1.2595
"1090",2006,"654_","latewood",0.614
"1091",2006,"655_","earlywood",0.762
"1092",2006,"655_","latewood",1.4815
"1093",2006,"656_","earlywood",1.3655
"1094",2006,"656_","latewood",1.175
"1095",2006,"860_","earlywood",1.1645
"1096",2006,"860_","latewood",1.154
"1097",2007,"309_","earlywood",0.7305
"1098",2007,"309_","latewood",0.71
"1099",2007,"310_","earlywood",0.6455
"1100",2007,"310_","latewood",0.5505
"1101",2007,"311_","earlywood",1.1225
"1102",2007,"311_","latewood",0.8365
"1103",2007,"646_","earlywood",0.72
"1104",2007,"646_","latewood",0.7195
"1105",2007,"648_","earlywood",1.037
"1106",2007,"648_","latewood",0.36
"1107",2007,"648_B2E",NA,1.291
"1108",2007,"648_B2L",NA,0.403
"1109",2007,"652_","earlywood",0.868
"1110",2007,"652_","latewood",0.6035
"1111",2007,"654_","earlywood",1.048
"1112",2007,"654_","latewood",0.466
"1113",2007,"655_","earlywood",0.476
"1114",2007,"655_","latewood",0.815
"1115",2007,"656_","earlywood",1.196
"1116",2007,"656_","latewood",1.2705
"1117",2007,"860_","earlywood",1.0905
"1118",2007,"860_","latewood",1.334
"1119",2008,"309_","earlywood",0.8255
"1120",2008,"309_","latewood",0.4975
"1121",2008,"310_","earlywood",0.667
"1122",2008,"310_","latewood",0.423
"1123",2008,"311_","earlywood",1.111
"1124",2008,"311_","latewood",0.54
"1125",2008,"646_","earlywood",0.72
"1126",2008,"646_","latewood",0.6455
"1127",2008,"648_","earlywood",0.572
"1128",2008,"648_","latewood",0.296
"1129",2008,"648_B2E",NA,0.741
"1130",2008,"648_B2L",NA,0.36
"1131",2008,"652_","earlywood",0.7935
"1132",2008,"652_","latewood",0.4765
"1133",2008,"654_","earlywood",1.1005
"1134",2008,"654_","latewood",0.529
"1135",2008,"655_","earlywood",0.36
"1136",2008,"655_","latewood",0.5085
"1137",2008,"656_","earlywood",1.44
"1138",2008,"656_","latewood",1.2065
"1139",2008,"860_","earlywood",1.239
"1140",2008,"860_","latewood",1.027
"1141",2009,"309_","earlywood",0.6885
"1142",2009,"309_","latewood",0.36
"1143",2009,"310_","earlywood",0.624
"1144",2009,"310_","latewood",0.54
"1145",2009,"311_","earlywood",0.9315
"1146",2009,"311_","latewood",0.72
"1147",2009,"646_","earlywood",0.688
"1148",2009,"646_","latewood",0.4765
"1149",2009,"648_","earlywood",0.551
"1150",2009,"648_","latewood",0.275
"1151",2009,"648_B2E",NA,0.72
"1152",2009,"648_B2L",NA,0.085
"1153",2009,"652_","earlywood",0.7095
"1154",2009,"652_","latewood",0.328
"1155",2009,"654_","earlywood",1.2065
"1156",2009,"654_","latewood",0.4555
"1157",2009,"655_","earlywood",0.813
"1158",2009,"655_","latewood",0.508
"1159",2009,"656_","earlywood",1.376
"1160",2009,"656_","latewood",0.868
"1161",2009,"860_","earlywood",0.9
"1162",2009,"860_","latewood",0.7625
"1163",2010,"309_","earlywood",0.72
"1164",2010,"309_","latewood",0.5505
"1165",2010,"310_","earlywood",0.6665
"1166",2010,"310_","latewood",0.508
"1167",2010,"311_","earlywood",0.91
"1168",2010,"311_","latewood",1.0475
"1169",2010,"646_","earlywood",0.741
"1170",2010,"646_","latewood",0.656
"1171",2010,"648_","earlywood",0.783
"1172",2010,"648_","latewood",0.698
"1173",2010,"648_B2E",NA,1.164
"1174",2010,"648_B2L",NA,0.487
"1175",2010,"652_","earlywood",0.7515
"1176",2010,"652_","latewood",0.381
"1177",2010,"654_","earlywood",1.27
"1178",2010,"654_","latewood",0.6775
"1179",2010,"655_","earlywood",0.709
"1180",2010,"655_","latewood",1.143
"1181",2010,"656_","earlywood",1.143
"1182",2010,"656_","latewood",0.6875
"1183",2010,"860_","earlywood",0.89
"1184",2010,"860_","latewood",0.8885
"1185",2011,"309_","earlywood",0.8265
"1186",2011,"309_","latewood",0.6775
"1187",2011,"310_","earlywood",0.8995
"1188",2011,"310_","latewood",0.709
"1189",2011,"311_","earlywood",1.0165
"1190",2011,"311_","latewood",0.953
"1191",2011,"646_","earlywood",0.815
"1192",2011,"646_","latewood",0.688
"1193",2011,"648_","earlywood",0.868
"1194",2011,"648_","latewood",0.36
"1195",2011,"648_B2E",NA,0.974
"1196",2011,"648_B2L",NA,0.423
"1197",2011,"652_","earlywood",0.72
"1198",2011,"652_","latewood",0.4765
"1199",2011,"654_","earlywood",1.27
"1200",2011,"654_","latewood",0.688
"1201",2011,"655_","earlywood",1.0265
"1202",2011,"655_","latewood",1.4605
"1203",2011,"656_","earlywood",1.08
"1204",2011,"656_","latewood",0.9845
"1205",2011,"860_","earlywood",0.688
"1206",2011,"860_","latewood",0.868
"1207",2012,"309_","earlywood",0.6145
"1208",2012,"309_","latewood",0.2535
"1209",2012,"310_","earlywood",0.921
"1210",2012,"310_","latewood",0.709
"1211",2012,"311_","earlywood",1.0265
"1212",2012,"311_","latewood",0.8155
"1213",2012,"646_","earlywood",0.646
"1214",2012,"646_","latewood",0.55
"1215",2012,"648_","earlywood",0.868
"1216",2012,"648_","latewood",0.423
"1217",2012,"648_B2E",NA,1.122
"1218",2012,"648_B2L",NA,0.423
"1219",2012,"652_","earlywood",0.72
"1220",2012,"652_","latewood",0.3595
"1221",2012,"654_","earlywood",1.429
"1222",2012,"654_","latewood",0.625
"1223",2012,"655_","earlywood",1.408
"1224",2012,"655_","latewood",2.138
"1225",2012,"656_","earlywood",1.323
"1226",2012,"656_","latewood",1.027
"1227",2012,"860_","earlywood",0.879
"1228",2012,"860_","latewood",0.953
"1229",2013,"309_","earlywood",0.466
"1230",2013,"309_","latewood",0.191
"1231",2013,"310_","earlywood",0.667
"1232",2013,"310_","latewood",0.783
"1233",2013,"311_","earlywood",1.1755
"1234",2013,"311_","latewood",0.8575
"1235",2013,"646_","earlywood",0.487
"1236",2013,"646_","latewood",0.4235
"1237",2013,"648_","earlywood",0.804
"1238",2013,"648_","latewood",0.402
"1239",2013,"648_B2E",NA,0.804
"1240",2013,"648_B2L",NA,0.466
"1241",2013,"652_","earlywood",0.688
"1242",2013,"652_","latewood",0.2965
"1243",2013,"654_","earlywood",1.344
"1244",2013,"654_","latewood",0.773
"1245",2013,"655_","earlywood",1.789
"1246",2013,"655_","latewood",2.921
"1247",2013,"656_","earlywood",1.408
"1248",2013,"656_","latewood",1.44
"1249",2013,"860_","earlywood",0.826
"1250",2013,"860_","latewood",1.1225
"1251",2014,"309_","earlywood",0.593
"1252",2014,"309_","latewood",0.466
"1253",2014,"310_","earlywood",0.815
"1254",2014,"310_","latewood",0.688
"1255",2014,"311_","earlywood",1.154
"1256",2014,"311_","latewood",1.1115
"1257",2014,"646_","earlywood",0.6565
"1258",2014,"646_","latewood",0.519
"1259",2014,"648_","earlywood",0.974
"1260",2014,"648_","latewood",0.254
"1261",2014,"648_B2E",NA,0.931
"1262",2014,"648_B2L",NA,0.296
"1263",2014,"652_","earlywood",0.7195
"1264",2014,"652_","latewood",0.2865
"1265",2014,"654_","earlywood",1.376
"1266",2014,"654_","latewood",1.0375
"1267",2014,"655_","earlywood",1.6405
"1268",2014,"655_","latewood",1.7885
"1269",2014,"656_","earlywood",1.7355
"1270",2014,"656_","latewood",1.747
"1271",2014,"860_","earlywood",0.7305
"1272",2014,"860_","latewood",0.9215
"1273",2015,"309_","earlywood",0.5925
"1274",2015,"309_","latewood",0.3175
"1275",2015,"310_","earlywood",0.5605
"1276",2015,"310_","latewood",0.466
"1277",2015,"311_","earlywood",0.921
"1278",2015,"311_","latewood",0.7835
"1279",2015,"646_","earlywood",0.4975
"1280",2015,"646_","latewood",0.3915
"1281",2015,"648_","earlywood",0.826
"1282",2015,"648_","latewood",0.212
"1283",2015,"648_B2E",NA,0.741
"1284",2015,"648_B2L",NA,0.317
"1285",2015,"652_","earlywood",0.741
"1286",2015,"652_","latewood",0.3915
"1287",2015,"654_","earlywood",1.63
"1288",2015,"654_","latewood",0.529
"1289",2015,"655_","earlywood",1.2595
"1290",2015,"655_","latewood",1.4395
"1291",2015,"656_","earlywood",2.2335
"1292",2015,"656_","latewood",1.228
"1293",2015,"860_","earlywood",0.9735
"1294",2015,"860_","latewood",0.8265
"1295",2016,"309_","earlywood",0.593
"1296",2016,"309_","latewood",0.2435
"1297",2016,"310_","earlywood",0.6355
"1298",2016,"310_","latewood",0.328
"1299",2016,"311_","earlywood",0.73
"1300",2016,"311_","latewood",0.868
"1301",2016,"646_","earlywood",0.593
"1302",2016,"646_","latewood",0.3175
"1303",2016,"648_","earlywood",0.614
"1304",2016,"648_","latewood",0.36
"1305",2016,"648_B2E",NA,0.741
"1306",2016,"648_B2L",NA,0.211
"1307",2016,"652_","earlywood",0.7415
"1308",2016,"652_","latewood",0.318
"1309",2016,"654_","earlywood",1.27
"1310",2016,"654_","latewood",0.804
"1311",2016,"655_","earlywood",0.963
"1312",2016,"655_","latewood",1.4075
"1313",2016,"656_","earlywood",1.3335
"1314",2016,"656_","latewood",1.281
"1315",2016,"860_","earlywood",0.699
"1316",2016,"860_","latewood",0.985
"1317",2017,"309_","earlywood",0.5295
"1318",2017,"309_","latewood",0.2435
"1319",2017,"310_","earlywood",0.603
"1320",2017,"310_","latewood",0.275
"1321",2017,"311_","earlywood",0.752
"1322",2017,"311_","latewood",0.8785
"1323",2017,"646_","earlywood",0.6875
"1324",2017,"646_","latewood",0.3175
"1325",2017,"648_","earlywood",0.508
"1326",2017,"648_","latewood",0.296
"1327",2017,"648_B2E",NA,0.383
"1328",2017,"648_B2L",NA,0.296
"1329",2017,"652_","earlywood",0.762
"1330",2017,"652_","latewood",0.3705
"1331",2017,"654_","earlywood",0.8995
"1332",2017,"654_","latewood",0.445
"1333",2017,"655_","earlywood",1.016
"1334",2017,"655_","latewood",1.3445
"1335",2017,"656_","earlywood",0.9635
"1336",2017,"656_","latewood",0.941
"1337",2017,"860_","earlywood",0.6245
"1338",2017,"860_","latewood",0.7515
"1339",2018,"309_","earlywood",0.635
"1340",2018,"309_","latewood",0.286
"1341",2018,"310_","earlywood",0.624
"1342",2018,"310_","latewood",0.4445
"1343",2018,"311_","earlywood",1.3235
"1344",2018,"311_","latewood",1.048
"1345",2018,"646_","earlywood",0.72
"1346",2018,"646_","latewood",0.222
"1347",2018,"648_","earlywood",0.551
"1348",2018,"648_","latewood",0.254
"1349",2018,"648_B2E",NA,0.36
"1350",2018,"648_B2L",NA,0.339
"1351",2018,"652_","earlywood",0.741
"1352",2018,"652_","latewood",0.498
"1353",2018,"654_","earlywood",0.9945
"1354",2018,"654_","latewood",0.6455
"1355",2018,"655_","earlywood",0.995
"1356",2018,"655_","latewood",1.1955
"1357",2018,"656_","earlywood",1.1325
"1358",2018,"656_","latewood",0.7835
"1359",2018,"860_","earlywood",0.8045
"1360",2018,"860_","latewood",0.71
"1361",2019,"309_","earlywood",0.572
"1362",2019,"309_","latewood",0.466
"1363",2019,"310_","earlywood",0.6565
"1364",2019,"310_","latewood",0.4445
"1365",2019,"311_","earlywood",0.8995
"1366",2019,"311_","latewood",2.9855
"1367",2019,"646_","earlywood",0.6985
"1368",2019,"646_","latewood",0.6675
"1369",2019,"648_","earlywood",0.487
"1370",2019,"648_","latewood",0.317
"1371",2019,"648_B2E",NA,0.548
"1372",2019,"648_B2L",NA,0.256
"1373",2019,"652_","earlywood",0.952
"1374",2019,"652_","latewood",0.4345
"1375",2019,"654_","earlywood",1.175
"1376",2019,"654_","latewood",1.164
"1377",2019,"655_","earlywood",1.1005
"1378",2019,"655_","latewood",1.5775
"1379",2019,"656_","earlywood",1.0695
"1380",2019,"656_","latewood",0.9845
"1381",2019,"860_","earlywood",0.6565
"1382",2019,"860_","latewood",0.741
"1383",2020,"309_","earlywood",0.6775
"1384",2020,"309_","latewood",0.4555
"1385",2020,"310_","earlywood",0.6245
"1386",2020,"310_","latewood",0.487
"1387",2020,"311_","earlywood",2.7735
"1388",2020,"311_","latewood",2.7105
"1389",2020,"646_","earlywood",0.6035
"1390",2020,"646_","latewood",0.5925
"1391",2020,"648_","earlywood",0.635
"1392",2020,"648_","latewood",0.19
"1393",2020,"648_B2E",NA,0.486
"1394",2020,"648_B2L",NA,0.212
"1395",2020,"652_","earlywood",0.688
"1396",2020,"652_","latewood",0.582
"1397",2020,"654_","earlywood",1.8415
"1398",2020,"654_","latewood",1.344
"1399",2020,"655_","earlywood",1.6085
"1400",2020,"655_","latewood",1.979
"1401",2020,"656_","earlywood",1.895
"1402",2020,"656_","latewood",1.4925
"1403",2020,"860_","earlywood",1.017
"1404",2020,"860_","latewood",1.101
"1405",2021,"309_","earlywood",0.6885
"1406",2021,"309_","latewood",0.4875
"1407",2021,"310_","earlywood",0.6245
"1408",2021,"310_","latewood",0.349
"1409",2021,"311_","earlywood",2.3295
"1410",2021,"311_","latewood",1.736
"1411",2021,"646_","earlywood",0.6135
"1412",2021,"646_","latewood",0.6565
"1413",2021,"648_","earlywood",0.635
"1414",2021,"648_","latewood",0.169
"1415",2021,"648_B2E",NA,0.593
"1416",2021,"648_B2L",NA,0.169
"1417",2021,"652_","earlywood",0.9315
"1418",2021,"652_","latewood",0.3065
"1419",2021,"654_","earlywood",1.831
"1420",2021,"654_","latewood",1.7565
"1421",2021,"655_","earlywood",1.6825
"1422",2021,"655_","latewood",2.0425
"1423",2021,"656_","earlywood",2.011
"1424",2021,"656_","latewood",1.292
"1425",2021,"860_","earlywood",1.196
"1426",2021,"860_","latewood",0.8685
"1427",2022,"309_","earlywood",0.4975
"1428",2022,"309_","latewood",0.2445
"1429",2022,"310_","earlywood",0.54
"1430",2022,"310_","latewood",0.2855
"1431",2022,"311_","earlywood",1.863
"1432",2022,"311_","latewood",1.0695
"1433",2022,"646_","earlywood",0.519
"1434",2022,"646_","latewood",0.4755
"1435",2022,"648_","earlywood",0.572
"1436",2022,"648_","latewood",0.19
"1437",2022,"648_B2E",NA,0.402
"1438",2022,"648_B2L",NA,0.381
"1439",2022,"652_","earlywood",1.027
"1440",2022,"652_","latewood",0.381
"1441",2022,"654_","earlywood",2.5825
"1442",2022,"654_","latewood",1.4505
"1443",2022,"655_","earlywood",1.302
"1444",2022,"655_","latewood",1.0435
"1445",2022,"656_","earlywood",1.5455
"1446",2022,"656_","latewood",1.1115
"1447",2022,"860_","earlywood",1.281
"1448",2022,"860_","latewood",1.08
"1449",2023,"309_","earlywood",0.582
"1450",2023,"309_","latewood",0.275
"1451",2023,"310_","earlywood",0.3495
"1452",2023,"310_","latewood",0.339
"1453",2023,"311_","earlywood",1.0905
"1454",2023,"311_","latewood",0.8575
"1455",2023,"646_","earlywood",0.455
"1456",2023,"646_","latewood",0.466
"1457",2023,"648_","earlywood",0.487
"1458",2023,"648_","latewood",0.213
"1459",2023,"648_B2E",NA,0.403
"1460",2023,"648_B2L",NA,0.339
"1461",2023,"652_","earlywood",0.816
"1462",2023,"652_","latewood",0.529
"1463",2023,"654_","earlywood",1.577
"1464",2023,"654_","latewood",0.942
"1465",2023,"655_","earlywood",1.4715
"1466",2023,"655_","latewood",0.7935
"1467",2023,"656_","earlywood",1.3125
"1468",2023,"656_","latewood",0.8265
"1469",2023,"860_","earlywood",1.0585
"1470",2023,"860_","latewood",0.932
"1471",2024,"309_","earlywood",0.4445
"1472",2024,"309_","latewood",0.213
"1473",2024,"310_","earlywood",0.2645
"1474",2024,"310_","latewood",0.2115
"1475",2024,"311_","earlywood",1.048
"1476",2024,"311_","latewood",0.879
"1477",2024,"646_","earlywood",0.2965
"1478",2024,"646_","latewood",0.5925
"1479",2024,"648_","earlywood",0.487
"1480",2024,"648_","latewood",0.085
"1481",2024,"648_B2E",NA,0.36
"1482",2024,"648_B2L",NA,0.318
"1483",2024,"652_","earlywood",0.7515
"1484",2024,"652_","latewood",0.614
"1485",2024,"654_","earlywood",2.265
"1486",2024,"654_","latewood",1.3335
"1487",2024,"655_","earlywood",1.3865
"1488",2024,"655_","latewood",1.397
"1489",2024,"656_","earlywood",1.1645
"1490",2024,"656_","latewood",0.794
"1491",2025,"652_","earlywood",0.847
"1492",2025,"652_","latewood",0.762
