"","series","day","doy","shrink_start","shrink_end","shrink_dur","shrink_amp","shrink_slope","exp_start","exp_end","exp_dur","exp_amp","exp_slope","phase_class"
"1","655",2022-10-01,274,2022-10-01 09:00:00,2022-10-01 16:00:00,420,-274,-0.0127976190474856,NA,NA,NA,NA,NA,1
"2","655",2022-10-02,275,2022-10-02 10:00:00,2022-10-02 17:00:00,420,-158,-0.00750992063484803,2022-10-01 16:00:00,2022-10-02 10:00:00,1080,211,0.00361232943466816,1
"3","655",2022-10-03,276,2022-10-03 10:00:00,2022-10-03 16:00:00,360,-227,-0.0124900793646845,2022-10-02 17:00:00,2022-10-03 10:00:00,1020,194,0.00345688567826614,1
"4","655",2022-10-04,277,2022-10-04 10:00:00,2022-10-04 17:00:00,420,-249,-0.0122784391533164,2022-10-03 16:00:00,2022-10-04 10:00:00,1080,214,0.00380165692002493,1
"5","655",2022-10-05,278,2022-10-05 11:00:00,2022-10-05 17:00:00,360,-105,-0.00526785714282472,2022-10-04 17:00:00,2022-10-05 11:00:00,1080,226,0.00388693957111805,1
"6","655",2022-10-06,279,2022-10-06 09:00:00,2022-10-06 18:00:00,540,-230,-0.00918350168356121,2022-10-05 17:00:00,2022-10-06 09:00:00,960,198,0.00369757625271031,1
"7","655",2022-10-07,280,2022-10-07 10:00:00,2022-10-07 17:00:00,420,-234,-0.0112863756612708,2022-10-06 18:00:00,2022-10-07 10:00:00,960,172,0.0031658496731477,1
"8","655",2022-10-08,281,2022-10-08 10:00:00,2022-10-08 17:00:00,420,-213,-0.0103273809522828,2022-10-07 17:00:00,2022-10-08 10:00:00,1020,198,0.00362372434357553,1
"9","655",2022-10-09,282,2022-10-09 09:00:00,2022-10-09 18:00:00,540,-315,-0.0111784511783871,2022-10-08 17:00:00,2022-10-09 09:00:00,960,301,0.00427559912857505,1
"10","655",2022-10-10,283,2022-10-10 09:00:00,2022-10-10 17:00:00,480,-197,-0.00866203703703711,2022-10-09 18:00:00,2022-10-10 09:00:00,900,184,0.00354861111111113,1
"11","655",2022-10-11,284,2022-10-11 10:00:00,2022-10-11 16:00:00,360,-197,-0.0110218253964771,2022-10-10 17:00:00,2022-10-11 10:00:00,1020,231,0.00420149638805351,1
"12","655",2022-10-12,285,2022-10-12 09:00:00,2022-10-12 17:00:00,480,-198,-0.00867592592592599,2022-10-11 16:00:00,2022-10-12 09:00:00,1020,166,0.00303305240226652,1
"13","655",2022-10-13,286,2022-10-13 09:00:00,2022-10-13 18:00:00,540,-198,-0.00789730639735852,2022-10-12 17:00:00,2022-10-13 09:00:00,960,170,0.0032975898693421,1
"14","655",2022-10-14,287,2022-10-14 10:00:00,2022-10-14 18:00:00,480,-187,-0.00801851851851849,2022-10-13 18:00:00,2022-10-14 10:00:00,960,189,0.00344498910677468,1
"15","655",2022-10-15,288,2022-10-15 09:00:00,2022-10-15 16:00:00,420,-228,-0.0105654761901359,2022-10-14 18:00:00,2022-10-15 09:00:00,900,157,0.00306781045751636,1
"16","655",2022-10-16,289,2022-10-16 10:00:00,2022-10-16 17:00:00,420,-248,-0.0114120370371358,2022-10-15 16:00:00,2022-10-16 10:00:00,1080,181,0.003363304093551,1
"17","655",2022-10-17,290,2022-10-17 11:00:00,2022-10-17 19:00:00,480,-143,-0.00589814814814825,2022-10-16 17:00:00,2022-10-17 11:00:00,1080,259,0.00452777777775892,1
"18","655",2022-10-18,291,2022-10-18 11:00:00,2022-10-18 19:00:00,480,-142,-0.00571759259259266,2022-10-17 19:00:00,2022-10-18 11:00:00,960,181,0.00320635893248099,1
"19","655",2022-10-19,292,2022-10-19 11:00:00,2022-10-19 17:00:00,360,-169,-0.00932539682532438,2022-10-18 19:00:00,2022-10-19 11:00:00,960,164,0.00285641339869668,1
"20","655",2022-10-20,293,2022-10-20 10:00:00,2022-10-20 16:00:00,360,-155,-0.00862103174595064,2022-10-19 17:00:00,2022-10-20 10:00:00,1020,128,0.00238117761726063,1
"21","655",2022-10-23,296,2022-10-23 12:00:00,2022-10-23 21:00:00,540,-2,-1.1784511785105e-05,2022-10-20 16:00:00,2022-10-23 12:00:00,4080,566,0.00236875329842019,1
"22","655",2022-10-25,298,NA,NA,NA,NA,NA,2022-10-23 21:00:00,2022-10-25 20:00:00,2820,147,0.00101602830848746,NA
"23","655",2022-10-26,299,2022-10-25 20:00:00,2022-10-26 04:00:00,480,-4,-3.240740740734e-05,2022-10-26 04:00:00,2022-10-26 12:00:00,480,17,0.000574074074074142,NA
"24","655",2022-10-26,299,2022-10-26 12:00:00,2022-10-26 17:00:00,300,-3,-8.73015873037918e-05,NA,NA,NA,NA,NA,NA
"25","655",2022-10-27,300,NA,NA,NA,NA,NA,2022-10-26 17:00:00,2022-10-27 08:00:00,900,5,2.65522875817083e-05,NA
"26","655",2022-10-27,300,NA,NA,NA,NA,NA,2022-10-27 12:00:00,2022-10-27 17:00:00,300,3,0.000142857142860182,NA
"27","655",2022-10-28,301,2022-10-27 17:00:00,2022-10-28 03:00:00,600,-3,-5.05050505047335e-05,NA,NA,NA,NA,NA,NA
"28","655",2022-10-30,303,2022-10-30 10:00:00,2022-10-30 21:00:00,660,-4,-3.5936285935256e-05,2022-10-28 03:00:00,2022-10-30 10:00:00,3300,68,0.00029598143085021,1
"29","655",2022-10-31,304,NA,NA,NA,NA,NA,2022-10-30 21:00:00,2022-10-31 15:00:00,1080,15,0.000252923976605713,NA
"30","655",2022-11-01,305,2022-10-31 22:00:00,2022-11-01 10:00:00,720,-3,-3.05250305251677e-05,2022-11-01 10:00:00,2022-11-01 21:00:00,660,20,0.000558469308477106,-1
"31","655",2022-11-02,306,NA,NA,NA,NA,NA,2022-11-02 06:00:00,2022-11-02 20:00:00,840,22,0.000475694444443509,NA
"32","655",2022-11-03,307,2022-11-02 20:00:00,2022-11-03 06:00:00,600,-3,-1.51515151515903e-05,2022-11-03 06:00:00,2022-11-03 12:00:00,360,13,0.000634920634901109,NA
"33","655",2022-11-03,307,2022-11-03 12:00:00,2022-11-03 18:00:00,360,-4,-0.000128968253965138,NA,NA,NA,NA,NA,NA
"34","655",2022-11-04,308,2022-11-03 22:00:00,2022-11-04 04:00:00,360,-3,-7.44047619039796e-05,NA,NA,NA,NA,NA,NA
"35","655",2022-11-05,309,2022-11-05 08:00:00,2022-11-05 20:00:00,720,-8,-0.000143467643468205,2022-11-04 04:00:00,2022-11-05 08:00:00,1680,174,0.00194157088123093,NA
"36","655",2022-11-06,310,2022-11-05 21:00:00,2022-11-06 12:00:00,900,-9,-6.24999999999822e-05,2022-11-06 12:00:00,2022-11-06 17:00:00,300,8,0.000301587301588045,-1
"37","655",2022-11-07,311,2022-11-06 17:00:00,2022-11-07 04:00:00,660,-10,-0.000202991452993109,2022-11-07 04:00:00,2022-11-07 13:00:00,540,5,9.25925925926807e-05,NA
"38","655",2022-11-07,311,2022-11-07 13:00:00,2022-11-07 20:00:00,420,-4,-3.96825396827469e-05,NA,NA,NA,NA,NA,NA
"39","655",2022-11-08,312,NA,NA,NA,NA,NA,2022-11-07 20:00:00,2022-11-08 08:00:00,720,5,4.57875457875693e-05,NA
"40","655",2022-11-09,313,2022-11-08 08:00:00,2022-11-09 01:00:00,1020,-6,-6.03428505905644e-05,2022-11-09 01:00:00,2022-11-09 18:00:00,1020,6,6.90861139778209e-05,NA
"41","655",2022-11-10,314,2022-11-09 18:00:00,2022-11-10 02:00:00,480,-4,-6.48148148148148e-05,2022-11-10 02:00:00,2022-11-10 08:00:00,360,4,0.000168650793646678,NA
"42","655",2022-11-10,314,2022-11-10 08:00:00,2022-11-10 23:00:00,900,-15,-0.000298202614379067,NA,NA,NA,NA,NA,NA
"43","655",2022-11-11,315,2022-11-11 01:00:00,2022-11-11 06:00:00,300,-7,-0.000301587301592838,2022-11-11 06:00:00,2022-11-11 18:00:00,720,6,3.66300366303392e-05,NA
"44","655",2022-11-12,316,2022-11-12 04:00:00,2022-11-12 16:00:00,720,-5,-5.49450549449697e-05,2022-11-11 21:00:00,2022-11-12 04:00:00,420,4,5.62169312183079e-05,1
"45","655",2022-11-13,317,2022-11-13,2022-11-13 05:00:00,300,-2,-7.14285714300358e-05,2022-11-12 16:00:00,2022-11-13,480,5,0.000101851851851987,NA
"46","655",2022-11-13,317,2022-11-13 12:00:00,2022-11-13 22:00:00,600,-26,-0.000659090909088739,2022-11-13 05:00:00,2022-11-13 12:00:00,420,3,5.95238095234264e-05,NA
"47","655",2022-11-14,318,2022-11-14 12:00:00,2022-11-14 17:00:00,300,-75,-0.00459523809533019,2022-11-13 22:00:00,2022-11-14 12:00:00,840,33,0.000644841269839316,1
"48","655",2022-11-15,319,2022-11-15 12:00:00,2022-11-15 20:00:00,480,-31,-0.00114814814814808,2022-11-14 17:00:00,2022-11-15 12:00:00,1140,84,0.00133343040186893,1
"49","655",2022-11-16,320,2022-11-16 12:00:00,2022-11-16 20:00:00,480,-73,-0.00223611111111125,2022-11-15 20:00:00,2022-11-16 12:00:00,960,62,0.00116637164124392,1
"50","655",2022-11-17,321,2022-11-17 11:00:00,2022-11-17 19:00:00,480,-100,-0.0039629629629631,2022-11-16 20:00:00,2022-11-17 11:00:00,900,61,0.00126470588235292,1
"51","655",2022-11-18,322,NA,NA,NA,NA,NA,2022-11-17 19:00:00,2022-11-18 07:00:00,720,78,0.00208513433340467,NA
"52","655",2022-11-18,322,NA,NA,NA,NA,NA,2022-11-18 11:00:00,2022-11-18 16:00:00,300,22,0.00141269841269829,NA
"53","655",2022-11-21,325,2022-11-21,2022-11-21 11:00:00,660,-12.5,-0.000345279720284447,2022-11-20 10:00:00,2022-11-21,840,168.5,0.00351339285712484,1
"54","655",2022-11-22,326,NA,NA,NA,NA,NA,2022-11-21 11:00:00,2022-11-22 06:00:00,1140,28,0.000165413533835338,NA
"55","655",2022-11-24,328,2022-11-22 06:00:00,2022-11-24 01:00:00,2580,-31,-0.000213253334376994,2022-11-24 01:00:00,2022-11-24 08:00:00,420,9,0.000267857142855742,NA
"56","655",2022-11-24,328,2022-11-24 08:00:00,2022-11-24 17:00:00,540,-9,-0.000191919191918898,NA,NA,NA,NA,NA,NA
"57","655",2022-11-25,329,2022-11-24 21:00:00,2022-11-25 09:00:00,720,-6,-5.26556776549963e-05,NA,NA,NA,NA,NA,NA
"58","655",2022-11-25,329,2022-11-25 12:00:00,2022-11-25 20:00:00,480,-6,-0.000175925925925926,NA,NA,NA,NA,NA,NA
"59","655",2022-11-27,331,NA,NA,NA,NA,NA,2022-11-26 23:00:00,2022-11-27 19:00:00,1200,60,0.00085948773449587,NA
"60","655",2022-11-28,332,NA,NA,NA,NA,NA,2022-11-27 21:00:00,2022-11-28 15:00:00,1080,18,0.000250974658868809,NA
"61","655",2022-11-29,333,2022-11-28 15:00:00,2022-11-29 02:00:00,660,-7,-9.42113442131202e-05,2022-11-29 02:00:00,2022-11-29 15:00:00,780,12,0.000106227106227078,NA
"62","655",2022-11-30,334,2022-11-29 21:00:00,2022-11-30 06:00:00,540,-13,-0.000292929292927926,2022-11-30 06:00:00,2022-11-30 12:00:00,360,27,0.00124007936508902,-1
"63","655",2022-12-01,335,2022-12-01 03:00:00,2022-12-01 14:00:00,660,-6,-8.44988344989534e-05,NA,NA,NA,NA,NA,1
"64","655",2022-12-02,336,2022-12-02 14:00:00,2022-12-02 20:00:00,360,-4,-0.000128968253963814,NA,NA,NA,NA,NA,1
"65","655",2022-12-03,337,2022-12-03 04:00:00,2022-12-03 09:00:00,300,-9,-0.000515873015886502,2022-12-02 20:00:00,2022-12-03 04:00:00,480,5,0.000120370370370438,1
"66","655",2022-12-04,338,2022-12-04 01:00:00,2022-12-04 07:00:00,360,-3,-8.92857142825889e-05,2022-12-03 09:00:00,2022-12-04 01:00:00,960,9,0.000136846405229048,NA
"67","655",2022-12-04,338,NA,NA,NA,NA,NA,2022-12-04 07:00:00,2022-12-04 12:00:00,300,7,0.000325396825400899,NA
"68","655",2022-12-05,339,2022-12-04 12:00:00,2022-12-05 06:00:00,1080,-3,-2.38791423001223e-05,2022-12-05 06:00:00,2022-12-05 18:00:00,720,36,0.000982905982899721,-1
"69","655",2022-12-06,340,2022-12-05 18:00:00,2022-12-06 17:00:00,1380,-18,-0.000140881642512029,NA,NA,NA,NA,NA,NA
"70","655",2022-12-07,341,NA,NA,NA,NA,NA,2022-12-06 17:00:00,2022-12-07 06:00:00,780,17,0.000320207570207994,NA
"71","655",2022-12-08,342,NA,NA,NA,NA,NA,2022-12-08 14:00:00,2022-12-08 19:00:00,300,4,0.000150793650793483,-1
"72","655",2022-12-09,343,2022-12-08 19:00:00,2022-12-09 06:00:00,660,-4,-2.23387723378485e-05,2022-12-09 06:00:00,2022-12-09 20:00:00,840,3,1.48809523810176e-05,NA
"73","655",2022-12-11,345,2022-12-09 20:00:00,2022-12-11 23:00:00,3060,-24,-0.000122181431837491,NA,NA,NA,NA,NA,NA
"74","655",2022-12-12,346,NA,NA,NA,NA,NA,2022-12-11 23:00:00,2022-12-12 06:00:00,420,3,6.28306878307664e-05,NA
"75","655",2022-12-12,346,NA,NA,NA,NA,NA,2022-12-12 09:00:00,2022-12-12 16:00:00,420,5,0.000163690476189804,NA
"76","655",2022-12-13,347,2022-12-12 16:00:00,2022-12-13 06:00:00,840,-7,-9.52380952380119e-05,NA,NA,NA,NA,NA,NA
"77","655",2022-12-15,349,2022-12-15 03:00:00,2022-12-15 10:00:00,420,-37,-0.0017107583774092,2022-12-13 12:00:00,2022-12-15 03:00:00,2340,52,0.000198131644777554,NA
"78","655",2022-12-15,349,NA,NA,NA,NA,NA,2022-12-15 10:00:00,2022-12-15 20:00:00,600,76,0.00237794612793362,NA
"79","655",2022-12-16,350,2022-12-15 20:00:00,2022-12-16 12:00:00,960,-18,-0.00026484204793257,2022-12-16 12:00:00,2022-12-16 18:00:00,360,16,0.000823412698405443,-1
"80","655",2022-12-17,351,2022-12-16 18:00:00,2022-12-17 14:00:00,1200,-78,-0.00129293319595643,NA,NA,NA,NA,NA,NA
"81","655",2022-12-19,353,2022-12-19 01:00:00,2022-12-19 12:00:00,660,-5,-4.75912975912531e-05,2022-12-18 10:00:00,2022-12-19 01:00:00,900,98,0.00198450515317895,NA
"82","655",2022-12-19,353,NA,NA,NA,NA,NA,2022-12-19 12:00:00,2022-12-19 19:00:00,420,6,0.000125661375661243,NA
"83","655",2022-12-20,354,2022-12-19 19:00:00,2022-12-20 17:00:00,1320,-6,-4.08981115503717e-05,NA,NA,NA,NA,NA,NA
"84","655",2022-12-22,356,2022-12-21 13:00:00,2022-12-22 01:00:00,720,-3,-3.281440781452e-05,NA,NA,NA,NA,NA,NA
"85","655",2022-12-23,357,2022-12-22 21:00:00,2022-12-23 07:00:00,600,-2,-4.545454545435e-05,2022-12-23 07:00:00,2022-12-23 14:00:00,420,2,4.96031746028665e-05,-1
"86","655",2022-12-24,358,2022-12-23 14:00:00,2022-12-24 05:00:00,900,-2,-1.69526143790939e-05,NA,NA,NA,NA,NA,NA
"87","655",2022-12-26,360,2022-12-24 06:00:00,2022-12-26 07:00:00,2940,-39,-0.000259056956115262,2022-12-26 07:00:00,2022-12-26 15:00:00,480,2,2.31481481481481e-05,NA
"88","655",2022-12-27,361,2022-12-27 05:00:00,2022-12-27 12:00:00,420,-175,-0.00733465608448628,2022-12-26 17:00:00,2022-12-27 05:00:00,720,2,2.21306471306458e-05,NA
"89","655",2022-12-27,361,NA,NA,NA,NA,NA,2022-12-27 12:00:00,2022-12-27 22:00:00,600,9,0.000260101010099247,NA
"90","655",2022-12-28,362,2022-12-27 22:00:00,2022-12-28 06:00:00,480,-3,-6.01851851853199e-05,NA,NA,NA,NA,NA,NA
"91","655",2022-12-30,364,2022-12-30 05:00:00,2022-12-30 12:00:00,420,-2,-4.29894179894085e-05,2022-12-29 03:00:00,2022-12-30 05:00:00,1560,61,0.000675959842633505,1
"92","655",2022-12-31,365,2022-12-31 03:00:00,2022-12-31 12:00:00,540,-3,-3.19865319867788e-05,2022-12-30 12:00:00,2022-12-31 03:00:00,900,3,3.3700980392139e-05,NA
"93","655",2022-12-31,365,NA,NA,NA,NA,NA,2022-12-31 12:00:00,2022-12-31 19:00:00,420,2,3.9682539681739e-05,NA
"94","655",2023-01-01,1,2022-12-31 19:00:00,2023-01-01 01:00:00,360,-3,-0.000109126984124241,2023-01-01 01:00:00,2023-01-01 16:00:00,900,3,2.04248366012894e-05,NA
"95","655",2023-01-01,1,2023-01-01 16:00:00,2023-01-01 21:00:00,300,-2,-8.73015873037918e-05,NA,NA,NA,NA,NA,NA
"96","655",2023-01-02,2,NA,NA,NA,NA,NA,2023-01-01 21:00:00,2023-01-02 10:00:00,780,33,0.000637057387058435,NA
"97","655",2023-01-03,3,2023-01-02 10:00:00,2023-01-03 07:00:00,1260,-5,-3.98393876653927e-05,2023-01-03 07:00:00,2023-01-03 17:00:00,600,7,8.08080808074811e-05,NA
"98","655",2023-01-04,4,NA,NA,NA,NA,NA,2023-01-03 21:00:00,2023-01-04 14:00:00,1020,7,5.38929021905586e-05,NA
"99","655",2023-01-05,5,2023-01-04 14:00:00,2023-01-05 17:00:00,1620,-54,-0.000217721826914731,2023-01-05 17:00:00,2023-01-05 23:00:00,360,2,2.97619047620529e-05,-1
"100","655",2023-01-06,6,2023-01-05 23:00:00,2023-01-06 13:00:00,840,-10,-0.000227182539680205,NA,NA,NA,NA,NA,NA
"101","655",2023-01-08,8,NA,NA,NA,NA,NA,2023-01-06 13:00:00,2023-01-08 11:00:00,2760,36,0.000135901685682079,NA
"102","655",2023-01-10,10,2023-01-08 11:00:00,2023-01-10 09:00:00,2760,-52,-0.000203675865967762,NA,NA,NA,NA,NA,NA
"103","655",2023-01-12,12,2023-01-12 07:00:00,2023-01-12 14:00:00,420,-2,-4.6296296296344e-05,2023-01-10 09:00:00,2023-01-12,2340,71,0.000405253283302048,NA
"104","655",2023-01-13,13,NA,NA,NA,NA,NA,2023-01-12 14:00:00,2023-01-13 22:00:00,1920,47,0.000245190879383596,NA
"105","655",2023-01-14,14,NA,NA,NA,NA,NA,2023-01-14 01:00:00,2023-01-14 22:00:00,1260,3,1.39594704812309e-05,NA
"106","655",2023-01-15,15,2023-01-14 22:00:00,2023-01-15 19:00:00,1260,-140,-0.00185206098248427,NA,NA,NA,NA,NA,NA
"107","655",2023-01-16,16,2023-01-16 07:00:00,2023-01-16 22:00:00,900,-2,-2.41013071895514e-05,2023-01-15 19:00:00,2023-01-16 07:00:00,720,13,0.000279304029305265,NA
"108","655",2023-01-18,18,NA,NA,NA,NA,NA,2023-01-17 05:00:00,2023-01-18 15:00:00,2040,8,1.89853719265287e-05,NA
"109","655",2023-01-19,19,2023-01-18 15:00:00,2023-01-19 01:00:00,600,-2,-2.02020202021147e-05,NA,NA,NA,NA,NA,NA
"110","655",2023-01-21,21,2023-01-21 12:00:00,2023-01-21 23:00:00,660,-7,-0.000174825174829427,2023-01-19 01:00:00,2023-01-21 12:00:00,3540,203,0.00037600483385816,1
"111","655",2023-01-22,22,NA,NA,NA,NA,NA,2023-01-21 23:00:00,2023-01-22 04:00:00,300,1,2.77777777780181e-05,NA
"112","655",2023-01-23,23,2023-01-22 04:00:00,2023-01-23 20:00:00,2400,-88,-0.000545958323655231,NA,NA,NA,NA,NA,NA
"113","655",2023-01-24,24,2023-01-24 13:00:00,2023-01-24 19:00:00,360,-102,-0.00499999999997169,2023-01-23 20:00:00,2023-01-24 13:00:00,1020,119,0.0021254232956506,1
"114","655",2023-01-25,25,2023-01-25 12:00:00,2023-01-25 21:00:00,540,-86,-0.00314814814819716,2023-01-24 19:00:00,2023-01-25 12:00:00,1020,83,0.00171336648414849,1
"115","655",2023-01-26,26,2023-01-26 11:00:00,2023-01-26 23:00:00,720,-79,-0.00206501831502382,2023-01-25 21:00:00,2023-01-26 11:00:00,840,65,0.00168501984125136,1
"116","655",2023-02-03,34,2023-02-03 12:00:00,2023-02-03 21:00:00,540,-2,-2.69360269362021e-05,NA,NA,NA,NA,NA,1
"117","655",2023-02-04,35,NA,NA,NA,NA,NA,2023-02-03 21:00:00,2023-02-04 11:00:00,840,3,3.07539682539046e-05,NA
"118","655",2023-02-05,36,2023-02-04 11:00:00,2023-02-05 10:00:00,1380,-86,-0.00113677536233159,2023-02-05 10:00:00,2023-02-05 17:00:00,420,2,2.6455026455137e-05,NA
"119","655",2023-02-06,37,NA,NA,NA,NA,NA,2023-02-05 20:00:00,2023-02-06 11:00:00,900,2,1.45016339869192e-05,NA
"120","655",2023-02-07,38,NA,NA,NA,NA,NA,2023-02-06 23:00:00,2023-02-07 18:00:00,1140,20,0.000215016708438254,NA
"121","655",2023-02-08,39,2023-02-07 18:00:00,2023-02-08 05:00:00,660,-2,-1.21406371404876e-05,2023-02-08 05:00:00,2023-02-08 12:00:00,420,3,8.59788359782422e-05,-1
"122","655",2023-02-09,40,2023-02-08 12:00:00,2023-02-09 02:00:00,840,-3,-1.33928571432962e-05,2023-02-09 02:00:00,2023-02-09 09:00:00,420,2,4.29894179892221e-05,-1
"123","655",2023-02-10,41,2023-02-09 09:00:00,2023-02-10 03:00:00,1080,-10,-0.000180311890836253,NA,NA,NA,NA,NA,NA
"124","655",2023-02-11,42,2023-02-10 19:00:00,2023-02-11 20:00:00,1500,-53,-0.000599192782522277,NA,NA,NA,NA,NA,NA
"125","655",2023-02-12,43,2023-02-12 11:00:00,2023-02-12 16:00:00,300,-22,-0.00130158730158769,2023-02-11 20:00:00,2023-02-12 11:00:00,900,21,0.000228622004357281,1
"126","655",2023-02-17,48,2023-02-17 13:00:00,2023-02-17 19:00:00,360,-102,-0.00424603174601473,2023-02-16 20:00:00,2023-02-17 13:00:00,1020,109,0.00219809133070816,1
"127","655",2023-02-18,49,NA,NA,NA,NA,NA,2023-02-17 19:00:00,2023-02-18 09:00:00,840,106,0.00266872427982889,NA
"128","655",2023-02-19,50,2023-02-18 09:00:00,2023-02-19 23:00:00,2280,-215,-0.00107810391363003,NA,NA,NA,NA,NA,NA
"129","655",2023-02-20,51,NA,NA,NA,NA,NA,2023-02-19 23:00:00,2023-02-20 09:00:00,600,5,0.000123737373738103,NA
"130","655",2023-02-21,52,2023-02-20 09:00:00,2023-02-21,900,-24.5,-0.000407883986928114,NA,NA,NA,NA,NA,NA
"131","655",2023-02-21,52,2023-02-21 03:00:00,2023-02-21 21:00:00,1080,-7,-6.53021442495768e-05,NA,NA,NA,NA,NA,NA
"132","655",2023-02-22,53,2023-02-22 10:00:00,2023-02-22 18:00:00,480,-29,-0.00106944444444458,2023-02-21 21:00:00,2023-02-22 10:00:00,780,80,0.00182306798371261,NA
"133","655",2023-02-27,58,NA,NA,NA,NA,NA,2023-02-27 01:00:00,2023-02-27 11:00:00,600,37,0.000974747474751134,-1
"134","655",2023-02-28,59,2023-02-27 11:00:00,2023-02-28 02:00:00,900,-32,-0.000715277777777787,NA,NA,NA,NA,NA,NA
"135","655",2023-03-04,63,2023-03-04 01:00:00,2023-03-04 17:00:00,960,-18,-0.000207312091505244,NA,NA,NA,NA,NA,NA
"136","655",2023-03-05,64,NA,NA,NA,NA,NA,2023-03-04 17:00:00,2023-03-05 10:00:00,1020,16,0.000221734892789461,NA
"137","655",2023-03-06,65,2023-03-06 08:00:00,2023-03-06 20:00:00,720,-72,-0.00193914738535833,NA,NA,NA,NA,NA,1
"138","655",2023-03-07,66,2023-03-07 10:00:00,2023-03-07 22:00:00,720,-58,-0.00164244186043519,NA,NA,NA,NA,NA,1
"139","655",2023-03-08,67,2023-03-08 09:00:00,2023-03-08 21:00:00,720,-21,-0.000538766788760043,2023-03-07 22:00:00,2023-03-08 09:00:00,660,21,0.000497280497296198,1
"140","655",2023-03-09,68,2023-03-09 02:00:00,2023-03-09 11:00:00,540,-2,-3.87205387204458e-05,2023-03-08 21:00:00,2023-03-09 02:00:00,300,3,0.000123015873016468,NA
"141","655",2023-03-09,68,NA,NA,NA,NA,NA,2023-03-09 11:00:00,2023-03-09 20:00:00,540,3,7.40740740745581e-05,NA
"142","655",2023-03-10,69,2023-03-09 20:00:00,2023-03-10 10:00:00,840,-10,-0.000161210317459237,2023-03-10 10:00:00,2023-03-10 17:00:00,420,15,0.000462962962962851,-1
"143","655",2023-03-11,70,2023-03-10 17:00:00,2023-03-11 21:00:00,1680,-28,-0.000279419813902815,NA,NA,NA,NA,NA,NA
"144","655",2023-03-12,71,2023-03-12 06:00:00,2023-03-12 22:00:00,960,-5,-6.3997821350995e-05,2023-03-11 21:00:00,2023-03-12 06:00:00,540,35,0.00126430976431888,NA
"145","655",2023-03-13,72,2023-03-13 02:00:00,2023-03-13 08:00:00,360,-6,-0.000188492063490623,NA,NA,NA,NA,NA,1
"146","655",2023-03-14,73,NA,NA,NA,NA,NA,2023-03-13 08:00:00,2023-03-14 14:00:00,1800,46,0.000436379928315869,NA
"147","655",2023-03-15,74,2023-03-14 14:00:00,2023-03-15 16:00:00,1560,-82,-0.000462030253693491,NA,NA,NA,NA,NA,NA
"148","655",2023-03-18,77,2023-03-18 11:00:00,2023-03-18 20:00:00,540,-25,-0.000654882154880612,NA,NA,NA,NA,NA,1
"149","655",2023-03-24,83,NA,NA,NA,NA,NA,2023-03-24 14:00:00,2023-03-24 21:00:00,420,2,4.62962962960501e-05,-1
"150","655",2023-03-25,84,2023-03-24 21:00:00,2023-03-25 02:00:00,300,-6,-0.000242063492063509,NA,NA,NA,NA,NA,NA
"151","655",2023-03-26,85,2023-03-26 04:00:00,2023-03-26 10:00:00,360,-2,-7.93650793618256e-05,2023-03-26 10:00:00,2023-03-26 17:00:00,420,4,0.000144400352730334,NA
"152","655",2023-03-26,85,2023-03-26 17:00:00,2023-03-26 22:00:00,300,-5,-0.000277777777777946,NA,NA,NA,NA,NA,NA
"153","655",2023-03-27,86,2023-03-27 12:00:00,2023-03-27 20:00:00,480,-18,-0.000745370370370371,2023-03-26 22:00:00,2023-03-27 12:00:00,840,2,1.38888888888609e-05,1
"154","655",2023-03-29,88,NA,NA,NA,NA,NA,2023-03-29,2023-03-29 12:00:00,720,31.5,0.000914224664218499,-1
"155","655",2023-03-30,89,2023-03-29 12:00:00,2023-03-30 15:00:00,1620,-139,-0.000722457884814595,NA,NA,NA,NA,NA,NA
"156","655",2023-04-02,92,2023-04-02 12:00:00,2023-04-02 20:00:00,480,-2,-5.09259259260607e-05,2023-03-30 15:00:00,2023-04-02 01:00:00,3480,113,0.000644384375610149,NA
"157","655",2023-04-02,92,NA,NA,NA,NA,NA,2023-04-02 05:00:00,2023-04-02 12:00:00,420,2,6.61375661358678e-05,NA
"158","655",2023-04-05,95,2023-04-05 10:00:00,2023-04-05 19:00:00,540,-64,-0.002303030303041,2023-04-04 23:00:00,2023-04-05 10:00:00,660,1,1.06837606836416e-05,NA
"159","655",2023-04-06,96,2023-04-05 22:00:00,2023-04-06 05:00:00,420,-2,-4.62962962960184e-05,2023-04-06 05:00:00,2023-04-06 23:00:00,1080,22,0.000310916179337435,NA
"160","655",2023-04-07,97,2023-04-06 23:00:00,2023-04-07 07:00:00,480,-2,-3.7037037037037e-05,NA,NA,NA,NA,NA,NA
"161","655",2023-04-09,99,2023-04-07 09:00:00,2023-04-09 02:00:00,2460,-40,-0.000287681531301358,2023-04-09 02:00:00,2023-04-09 23:00:00,1260,35,0.000412980739064393,NA
"162","655",2023-04-11,101,2023-04-09 23:00:00,2023-04-11 16:00:00,2460,-65,-0.000163220610611334,NA,NA,NA,NA,NA,NA
"163","655",2023-04-13,103,2023-04-11 20:00:00,2023-04-13 15:00:00,2580,-65,-0.000116778247592429,2023-04-13 15:00:00,2023-04-13 20:00:00,300,1,3.96825396852147e-05,-1
"164","655",2023-04-14,104,2023-04-13 20:00:00,2023-04-14 18:00:00,1320,-79,-0.00105758673693899,NA,NA,NA,NA,NA,NA
"165","655",2023-04-15,105,2023-04-15 09:00:00,2023-04-15 16:00:00,420,-8,-0.000208333333335506,2023-04-14 18:00:00,2023-04-15 09:00:00,900,4,2.41013071895514e-05,1
"166","655",2023-04-16,106,NA,NA,NA,NA,NA,2023-04-15 16:00:00,2023-04-16 20:00:00,1680,53,0.000442391899288845,NA
"167","655",2023-04-17,107,2023-04-16 20:00:00,2023-04-17 01:00:00,300,-1,-5.15873015874352e-05,NA,NA,NA,NA,NA,NA
"168","655",2023-04-21,111,NA,NA,NA,NA,NA,2023-04-17 01:00:00,2023-04-21 15:00:00,6600,127,0.000240646084396068,NA
"169","655",2023-04-22,112,2023-04-22 11:00:00,2023-04-22 20:00:00,540,-118,-0.00396127946126066,2023-04-22 05:00:00,2023-04-22 11:00:00,360,5,0.000248015873002521,NA
"170","655",2023-04-23,113,2023-04-23 11:00:00,2023-04-23 20:00:00,540,-72,-0.00238383838384847,2023-04-22 20:00:00,2023-04-23 11:00:00,900,22,0.000318627450980383,1
"171","655",2023-04-24,114,NA,NA,NA,NA,NA,2023-04-23 20:00:00,2023-04-24 09:00:00,780,49,0.00114804639803648,NA
"172","655",2023-04-25,115,2023-04-24 09:00:00,2023-04-25 20:00:00,2100,-109,-0.000786786786786793,NA,NA,NA,NA,NA,NA
"173","655",2023-04-26,116,2023-04-26 10:00:00,2023-04-26 16:00:00,360,-66,-0.00347222222210017,2023-04-25 20:00:00,2023-04-26 10:00:00,840,44,0.000956845238084684,1
"174","655",2023-04-27,117,2023-04-27 11:00:00,2023-04-27 19:00:00,480,-149,-0.00633796296296296,2023-04-26 16:00:00,2023-04-27 11:00:00,1140,18,0.000234962406013887,1
"175","655",2023-04-28,118,2023-04-28 10:00:00,2023-04-28 16:00:00,360,-133,-0.00736111111104028,2023-04-27 19:00:00,2023-04-28 10:00:00,900,56,0.00109415849673204,1
"176","655",2023-04-29,119,2023-04-29 10:00:00,2023-04-29 17:00:00,420,-148,-0.00698743386236405,2023-04-28 16:00:00,2023-04-29 10:00:00,1080,88,0.00154507797270214,1
"177","655",2023-04-30,120,NA,NA,NA,NA,NA,2023-04-29 17:00:00,2023-04-30 10:00:00,1020,123,0.00208003669304994,NA
"178","655",2023-05-01,121,2023-05-01 09:00:00,2023-05-01 14:00:00,300,-7,-0.000277777777777905,2023-04-30 14:00:00,2023-05-01 09:00:00,1140,70,0.00123746867167468,1
"179","655",2023-05-02,122,2023-05-02 09:00:00,2023-05-02 16:00:00,420,-133,-0.00593915343896752,2023-05-01 14:00:00,2023-05-02 09:00:00,1140,125,0.00207289055972451,1
"180","655",2023-05-03,123,2023-05-03 09:00:00,2023-05-03 15:00:00,360,-111,-0.00632936507901067,2023-05-02 16:00:00,2023-05-03 09:00:00,1020,80,0.00161621373695858,1
"181","655",2023-05-05,125,2023-05-05 08:00:00,2023-05-05 13:00:00,300,-1,-3.96825396869784e-05,2023-05-03 15:00:00,2023-05-05 08:00:00,2460,284,0.0022209617444973,1
"182","655",2023-05-06,126,2023-05-06 10:00:00,2023-05-06 17:00:00,420,-25,-0.00124669312165566,2023-05-05 13:00:00,2023-05-06 10:00:00,1260,62,0.000784004642702712,1
"183","655",2023-05-07,127,2023-05-07 09:00:00,2023-05-07 17:00:00,480,-90,-0.00365277777777778,2023-05-06 17:00:00,2023-05-07 09:00:00,960,66,0.00121732026145404,1
"184","655",2023-05-09,129,2023-05-09 08:00:00,2023-05-09 17:00:00,540,-174,-0.00643939393944014,2023-05-07 17:00:00,2023-05-09 08:00:00,2340,137,0.00103606420679585,1
"185","655",2023-05-10,130,NA,NA,NA,NA,NA,2023-05-09 17:00:00,2023-05-10 10:00:00,1020,120,0.00219240912741967,NA
"186","655",2023-05-11,131,2023-05-11 10:00:00,2023-05-11 15:00:00,300,-157,-0.00980158730238703,2023-05-10 13:00:00,2023-05-11 10:00:00,1260,189,0.00240251897859767,1
"187","655",2023-05-12,132,2023-05-12 11:00:00,2023-05-12 18:00:00,420,-232,-0.00926587301582135,2023-05-11 15:00:00,2023-05-12 11:00:00,1200,161,0.00248268398269116,1
"188","655",2023-05-13,133,2023-05-13 10:00:00,2023-05-13 17:00:00,420,-206,-0.00868055555537309,2023-05-12 18:00:00,2023-05-13 10:00:00,960,226,0.0037554466230677,1
"189","655",2023-05-14,134,2023-05-14 10:00:00,2023-05-14 17:00:00,420,-161,-0.0067129629629152,2023-05-13 17:00:00,2023-05-14 10:00:00,1020,245,0.00429709895654562,1
"190","655",2023-05-15,135,2023-05-15 10:00:00,2023-05-15 17:00:00,420,-106,-0.00446097883582911,2023-05-14 17:00:00,2023-05-15 10:00:00,1020,266,0.00482570806102946,1
"191","655",2023-05-17,137,2023-05-17 11:00:00,2023-05-17 17:00:00,360,-46,-0.00236111111108858,2023-05-15 17:00:00,2023-05-17 11:00:00,2520,753,0.00525390952717309,1
"192","655",2023-05-18,138,2023-05-18 09:00:00,2023-05-18 17:00:00,480,-227,-0.00936111111111111,2023-05-17 17:00:00,2023-05-18 09:00:00,960,175,0.00360362200431893,1
"193","655",2023-05-19,139,2023-05-19 09:00:00,2023-05-19 17:00:00,480,-180,-0.00760648148148148,2023-05-18 17:00:00,2023-05-19 09:00:00,960,323,0.00627314814802604,1
"194","655",2023-05-20,140,2023-05-20 08:00:00,2023-05-20 16:00:00,480,-152,-0.00632870370370367,2023-05-19 17:00:00,2023-05-20 08:00:00,900,370,0.00771160130718953,1
"195","655",2023-05-21,141,2023-05-21 10:00:00,2023-05-21 17:00:00,420,-52,-0.00221560846563133,2023-05-20 16:00:00,2023-05-21 10:00:00,1080,301,0.005221978557484,1
"196","655",2023-05-22,142,2023-05-22 08:00:00,2023-05-22 18:00:00,600,-139,-0.00472727272724221,2023-05-21 17:00:00,2023-05-22 08:00:00,900,177,0.00387581699346407,1
"197","655",2023-05-23,143,2023-05-23 09:00:00,2023-05-23 17:00:00,480,-114,-0.00451388888888882,2023-05-22 18:00:00,2023-05-23 09:00:00,900,216,0.00447625162360398,1
"198","655",2023-05-24,144,2023-05-24 10:00:00,2023-05-24 17:00:00,420,-133,-0.0063756613755978,2023-05-23 17:00:00,2023-05-24 10:00:00,1020,221,0.00406332996390431,1
"199","655",2023-05-25,145,2023-05-25 10:00:00,2023-05-25 17:00:00,420,-176,-0.00794642857124744,2023-05-24 17:00:00,2023-05-25 10:00:00,1020,283,0.00513516225209436,1
"200","655",2023-05-26,146,2023-05-26 10:00:00,2023-05-26 17:00:00,420,-118,-0.00477843915334855,2023-05-25 17:00:00,2023-05-26 10:00:00,1020,316,0.00580939685819457,1
"201","655",2023-05-27,147,2023-05-27 08:00:00,2023-05-27 17:00:00,540,-114,-0.00407912457902756,2023-05-26 17:00:00,2023-05-27 08:00:00,900,264,0.00566339869281047,1
"202","655",2023-05-28,148,2023-05-28 10:00:00,2023-05-28 17:00:00,420,-179,-0.0082572751322007,2023-05-27 17:00:00,2023-05-28 10:00:00,1020,280,0.005304724228907,1
"203","655",2023-05-29,149,2023-05-29 10:00:00,2023-05-29 17:00:00,420,-180,-0.00840939153418151,2023-05-28 17:00:00,2023-05-29 10:00:00,1020,275,0.00506449948403703,1
"204","655",2023-05-30,150,2023-05-30 10:00:00,2023-05-30 17:00:00,420,-128,-0.00588293650787744,2023-05-29 17:00:00,2023-05-30 10:00:00,1020,258,0.00479030501089809,1
"205","655",2023-05-31,151,2023-05-31 09:00:00,2023-05-31 16:00:00,420,-79,-0.00354497354485703,2023-05-30 17:00:00,2023-05-31 09:00:00,960,215,0.00443593409584174,1
"206","655",2023-06-01,152,2023-06-01 10:00:00,2023-06-01 17:00:00,420,-100,-0.00474206349201459,2023-05-31 16:00:00,2023-06-01 10:00:00,1080,164,0.00290879265092818,1
"207","655",2023-06-02,153,2023-06-02 10:00:00,2023-06-02 18:00:00,480,-155,-0.00656018518518519,2023-06-01 17:00:00,2023-06-02 10:00:00,1020,200,0.00372233688797577,1
"208","655",2023-06-03,154,2023-06-03 10:00:00,2023-06-03 17:00:00,420,-174,-0.00804563492056046,2023-06-02 18:00:00,2023-06-03 10:00:00,960,237,0.00438112745096229,1
"209","655",2023-06-04,155,2023-06-04 10:00:00,2023-06-04 17:00:00,420,-176,-0.00833002645494305,2023-06-03 17:00:00,2023-06-04 10:00:00,1020,268,0.00487143102858311,1
"210","655",2023-06-05,156,2023-06-05 10:00:00,2023-06-05 18:00:00,480,-264,-0.0104953703703706,2023-06-04 17:00:00,2023-06-05 10:00:00,1020,292,0.00539545350307352,1
"211","655",2023-06-06,157,2023-06-06 10:00:00,2023-06-06 17:00:00,420,-311,-0.013749999999866,2023-06-05 18:00:00,2023-06-06 10:00:00,960,322,0.00600149782126477,1
"212","655",2023-06-07,158,2023-06-07 10:00:00,2023-06-07 17:00:00,420,-242,-0.0110416666665603,2023-06-06 17:00:00,2023-06-07 10:00:00,1020,399,0.00704176699923651,1
"213","655",2023-06-08,159,2023-06-08 08:00:00,2023-06-08 17:00:00,540,-147,-0.00482996632984696,2023-06-07 17:00:00,2023-06-08 08:00:00,900,345,0.00698508986928106,1
"214","655",2023-06-09,160,2023-06-09 10:00:00,2023-06-09 18:00:00,480,-165,-0.006912037037037,2023-06-08 17:00:00,2023-06-09 10:00:00,1020,310,0.00586687306505275,1
"215","655",2023-06-10,161,2023-06-10 08:00:00,2023-06-10 17:00:00,540,-266,-0.00989057239064236,2023-06-09 18:00:00,2023-06-10 08:00:00,840,277,0.00619593253962787,1
"216","655",2023-06-11,162,2023-06-11 10:00:00,2023-06-11 17:00:00,420,-273,-0.0118551587302507,2023-06-10 17:00:00,2023-06-11 10:00:00,1020,322,0.0059336658640119,1
"217","655",2023-06-12,163,2023-06-12 10:00:00,2023-06-12 17:00:00,420,-283,-0.0128538359787208,2023-06-11 17:00:00,2023-06-12 10:00:00,1020,373,0.00685787180376694,1
"218","655",2023-06-13,164,2023-06-13 08:00:00,2023-06-13 18:00:00,600,-278,-0.00931565656559379,2023-06-12 17:00:00,2023-06-13 08:00:00,900,394,0.00809844771241831,1
"219","655",2023-06-14,165,2023-06-14 10:00:00,2023-06-14 17:00:00,420,-200,-0.00908399470890951,2023-06-13 18:00:00,2023-06-14 10:00:00,960,310,0.0057713779956246,1
"220","655",2023-06-15,166,2023-06-15 11:00:00,2023-06-15 16:00:00,300,-176,-0.0101825396828045,2023-06-14 17:00:00,2023-06-15 11:00:00,1080,273,0.0049195906432295,1
"221","655",2023-06-16,167,2023-06-16 10:00:00,2023-06-16 17:00:00,420,-259,-0.0117294973543902,2023-06-15 16:00:00,2023-06-16 10:00:00,1080,266,0.00491423001944515,1
"222","655",2023-06-17,168,2023-06-17 09:00:00,2023-06-17 17:00:00,480,-135,-0.00557870370370354,2023-06-16 17:00:00,2023-06-17 09:00:00,960,345,0.00674802559917587,1
"223","655",2023-06-20,171,NA,NA,NA,NA,NA,2023-06-17 17:00:00,2023-06-20 13:00:00,4080,773,0.00314736329314249,NA
"224","655",2023-06-21,172,2023-06-21 10:00:00,2023-06-21 18:00:00,480,-267,-0.0108703703703703,2023-06-20 15:00:00,2023-06-21 10:00:00,1140,54,0.000698621553881516,1
"225","655",2023-06-22,173,2023-06-22 10:00:00,2023-06-22 17:00:00,420,-338,-0.014999999999859,2023-06-21 18:00:00,2023-06-22 10:00:00,960,203,0.00394403594771919,1
"226","655",2023-06-23,174,2023-06-23 10:00:00,2023-06-23 17:00:00,420,-237,-0.00987103174580745,2023-06-22 17:00:00,2023-06-23 10:00:00,1020,334,0.00624842334601352,1
"227","655",2023-06-24,175,2023-06-24 10:00:00,2023-06-24 18:00:00,480,-323,-0.0128287037037036,2023-06-23 17:00:00,2023-06-24 10:00:00,1020,345,0.00627579979363927,1
"228","655",2023-06-25,176,2023-06-25 10:00:00,2023-06-25 17:00:00,420,-256,-0.0117691798940714,2023-06-24 18:00:00,2023-06-25 10:00:00,960,307,0.00574414488023863,1
"229","655",2023-06-26,177,2023-06-26 10:00:00,2023-06-26 18:00:00,480,-257,-0.0101990740740738,2023-06-25 17:00:00,2023-06-26 10:00:00,1020,323,0.00615769407181915,1
"230","655",2023-06-27,178,2023-06-27 10:00:00,2023-06-27 18:00:00,480,-278,-0.0109583333333333,2023-06-26 18:00:00,2023-06-27 10:00:00,960,351,0.00655909586054526,1
"231","655",2023-06-28,179,2023-06-28 09:00:00,2023-06-28 18:00:00,540,-312,-0.011744107743878,2023-06-27 18:00:00,2023-06-28 09:00:00,900,347,0.00710049019607842,1
"232","655",2023-06-29,180,2023-06-29 08:00:00,2023-06-29 18:00:00,600,-402,-0.0135909090909797,2023-06-28 18:00:00,2023-06-29 08:00:00,840,406,0.00828472222215305,1
"233","655",2023-06-30,181,2023-06-30 09:00:00,2023-06-30 18:00:00,540,-402,-0.0147188552189479,2023-06-29 18:00:00,2023-06-30 09:00:00,900,425,0.0084885620915033,1
"234","655",2023-07-01,182,2023-07-01 10:00:00,2023-07-01 17:00:00,420,-397,-0.0169477513226017,2023-06-30 18:00:00,2023-07-01 10:00:00,960,430,0.00790645424837662,1
"235","655",2023-07-02,183,2023-07-02 08:00:00,2023-07-02 18:00:00,600,-390,-0.012969696969767,2023-07-01 17:00:00,2023-07-02 08:00:00,900,431,0.00910232843137259,1
"236","655",2023-07-03,184,2023-07-03 08:00:00,2023-07-03 18:00:00,600,-425,-0.0144242424243184,2023-07-02 18:00:00,2023-07-03 08:00:00,840,471,0.00941369047617488,1
"237","655",2023-07-04,185,2023-07-04 09:00:00,2023-07-04 18:00:00,540,-461,-0.0167121212120095,2023-07-03 18:00:00,2023-07-04 09:00:00,900,442,0.00879881535947711,1
"238","655",2023-07-05,186,2023-07-05 08:00:00,2023-07-05 18:00:00,600,-354,-0.0112070707069891,2023-07-04 18:00:00,2023-07-05 08:00:00,840,464,0.0100059523809331,1
"239","655",2023-07-06,187,2023-07-06 08:00:00,2023-07-06 18:00:00,600,-283,-0.00856565656569867,2023-07-05 18:00:00,2023-07-06 08:00:00,840,530,0.0113273809522912,1
"240","655",2023-07-07,188,2023-07-07 08:00:00,2023-07-07 17:00:00,540,-450,-0.0163468013469114,2023-07-06 18:00:00,2023-07-07 08:00:00,840,559,0.0115828373015006,1
"241","655",2023-07-08,189,2023-07-08 08:00:00,2023-07-08 17:00:00,540,-293,-0.00962626262632603,2023-07-07 17:00:00,2023-07-08 08:00:00,900,563,0.0114871323529412,1
"242","655",2023-07-09,190,2023-07-09 09:00:00,2023-07-09 18:00:00,540,-338,-0.0104814814814253,2023-07-08 17:00:00,2023-07-09 09:00:00,960,554,0.0108013344226753,1
"243","655",2023-07-10,191,2023-07-10 09:00:00,2023-07-10 18:00:00,540,-291,-0.00962457912440866,2023-07-09 18:00:00,2023-07-10 09:00:00,900,565,0.0107785947712418,1
"244","655",2023-07-11,192,2023-07-11 09:00:00,2023-07-11 18:00:00,540,-304,-0.0106599326598611,2023-07-10 18:00:00,2023-07-11 09:00:00,900,570,0.0107755310457517,1
"245","655",2023-07-12,193,2023-07-12 09:00:00,2023-07-12 18:00:00,540,-310,-0.0105101010100363,2023-07-11 18:00:00,2023-07-12 09:00:00,900,530,0.0102120098039215,1
"246","655",2023-07-13,194,2023-07-13 09:00:00,2023-07-13 17:00:00,480,-310,-0.0105787037037036,2023-07-12 18:00:00,2023-07-13 09:00:00,900,565,0.0109424019607843,1
"247","655",2023-07-14,195,2023-07-14 08:00:00,2023-07-14 18:00:00,600,-366,-0.0113914141413355,2023-07-13 17:00:00,2023-07-14 08:00:00,900,553,0.0115220588235294,1
"248","655",2023-07-15,196,2023-07-15 08:00:00,2023-07-15 18:00:00,600,-475,-0.0151464646465406,2023-07-14 18:00:00,2023-07-15 08:00:00,840,561,0.0120674603173668,1
"249","655",2023-07-16,197,2023-07-16 08:00:00,2023-07-16 17:00:00,540,-360,-0.0113888888888107,2023-07-15 18:00:00,2023-07-16 08:00:00,840,545,0.0120019841268868,1
"250","655",2023-07-17,198,2023-07-17 08:00:00,2023-07-17 18:00:00,600,-228,-0.00669444444440181,2023-07-16 17:00:00,2023-07-17 08:00:00,900,576,0.012390318627451,1
"251","655",2023-07-18,199,2023-07-18 08:00:00,2023-07-18 18:00:00,600,-426,-0.01394949494957,2023-07-17 18:00:00,2023-07-18 08:00:00,840,560,0.0117852182538803,1
"252","655",2023-07-19,200,2023-07-19 08:00:00,2023-07-19 18:00:00,600,-469,-0.0151969696970498,2023-07-18 18:00:00,2023-07-19 08:00:00,840,528,0.0113576388888032,1
"253","655",2023-07-20,201,2023-07-20 08:00:00,2023-07-20 18:00:00,600,-372,-0.0116691919192538,2023-07-19 18:00:00,2023-07-20 08:00:00,840,574,0.0126195436507689,1
"254","655",2023-07-21,202,2023-07-21 08:00:00,2023-07-21 18:00:00,600,-305,-0.00898484848479027,2023-07-20 18:00:00,2023-07-21 08:00:00,840,634,0.013392361111011,1
"255","655",2023-07-22,203,2023-07-22 08:00:00,2023-07-22 18:00:00,600,-379,-0.0116439393938573,2023-07-21 18:00:00,2023-07-22 08:00:00,840,589,0.0128417658729916,1
"256","655",2023-07-23,204,2023-07-23 08:00:00,2023-07-23 17:00:00,540,-224,-0.0071481481481016,2023-07-22 18:00:00,2023-07-23 08:00:00,840,569,0.0122708333332399,1
"257","655",2023-07-24,205,2023-07-24 09:00:00,2023-07-24 18:00:00,540,-178,-0.00584006734002405,2023-07-23 17:00:00,2023-07-24 09:00:00,960,536,0.0108357162308353,1
"258","655",2023-07-25,206,2023-07-25 08:00:00,2023-07-25 18:00:00,600,-279,-0.00798484848479402,2023-07-24 18:00:00,2023-07-25 08:00:00,840,553,0.011968749999902,1
"259","655",2023-07-26,207,2023-07-26 09:00:00,2023-07-26 18:00:00,540,-271,-0.00868855218839325,2023-07-25 18:00:00,2023-07-26 09:00:00,900,553,0.0110177696078432,1
"260","655",2023-07-27,208,2023-07-27 08:00:00,2023-07-27 18:00:00,600,-306,-0.00993434343427638,2023-07-26 18:00:00,2023-07-27 08:00:00,840,498,0.0112088293649819,1
"261","655",2023-07-28,209,2023-07-28 08:00:00,2023-07-28 18:00:00,600,-187,-0.00562121212124239,2023-07-27 18:00:00,2023-07-28 08:00:00,840,515,0.0113645833333095,1
"262","655",2023-07-29,210,2023-07-29 08:00:00,2023-07-29 18:00:00,600,-411,-0.0134444444443545,2023-07-28 18:00:00,2023-07-29 08:00:00,840,510,0.0111641865079135,1
"263","655",2023-07-30,211,2023-07-30 09:00:00,2023-07-30 18:00:00,540,-211,-0.0068754208752948,2023-07-29 18:00:00,2023-07-30 09:00:00,900,530,0.0110273692810458,1
"264","655",2023-07-31,212,2023-07-31 08:00:00,2023-07-31 18:00:00,600,-203,-0.00597474747470572,2023-07-30 18:00:00,2023-07-31 08:00:00,840,478,0.0107539682539449,1
"265","655",2023-08-01,213,2023-08-01 08:00:00,2023-08-01 18:00:00,600,-275,-0.0086717171717648,2023-07-31 18:00:00,2023-08-01 08:00:00,840,485,0.010864087301564,1
"266","655",2023-08-02,214,2023-08-02 09:00:00,2023-08-02 18:00:00,540,-392,-0.0139562289564975,2023-08-01 18:00:00,2023-08-02 09:00:00,900,432,0.00938031045751636,1
"267","655",2023-08-03,215,2023-08-03 09:00:00,2023-08-03 18:00:00,540,-354,-0.0127222222224651,2023-08-02 18:00:00,2023-08-03 09:00:00,900,446,0.0098067810457516,1
"268","655",2023-08-04,216,2023-08-04 09:00:00,2023-08-04 18:00:00,540,-366,-0.0129057239058118,2023-08-03 18:00:00,2023-08-04 09:00:00,900,556,0.0115006127450981,1
"269","655",2023-08-05,217,2023-08-05 10:00:00,2023-08-05 16:00:00,360,-216,-0.0116567460314,2023-08-04 18:00:00,2023-08-05 10:00:00,960,654,0.0109586056645434,1
"270","655",2023-08-06,218,2023-08-06 09:00:00,2023-08-06 18:00:00,540,-144,-0.0043535353534237,2023-08-05 16:00:00,2023-08-06 09:00:00,1020,447,0.00693455452362436,1
"271","655",2023-08-07,219,2023-08-07 08:00:00,2023-08-07 18:00:00,600,-274,-0.00813888888883409,2023-08-06 18:00:00,2023-08-07 08:00:00,840,400,0.00892609126975816,1
"272","655",2023-08-08,220,2023-08-08 09:00:00,2023-08-08 18:00:00,540,-349,-0.0118484848484036,2023-08-07 18:00:00,2023-08-08 09:00:00,900,479,0.00998692810457515,1
"273","655",2023-08-09,221,2023-08-09 09:00:00,2023-08-09 18:00:00,540,-240,-0.00842929292934753,2023-08-08 18:00:00,2023-08-09 09:00:00,900,437,0.00937602124183005,1
"274","655",2023-08-10,222,2023-08-10 09:00:00,2023-08-10 18:00:00,540,-194,-0.00637542087554356,2023-08-09 18:00:00,2023-08-10 09:00:00,900,518,0.0110241013071895,1
"275","655",2023-08-11,223,2023-08-11 08:00:00,2023-08-11 18:00:00,600,-308,-0.0102752525251805,2023-08-10 18:00:00,2023-08-11 08:00:00,840,437,0.00997470238085828,1
"276","655",2023-08-12,224,2023-08-12 09:00:00,2023-08-12 18:00:00,540,-381,-0.0134158249157408,2023-08-11 18:00:00,2023-08-12 09:00:00,900,404,0.00884129901960783,1
"277","655",2023-08-13,225,2023-08-13 08:00:00,2023-08-13 19:00:00,660,-472,-0.0146736596738808,2023-08-12 18:00:00,2023-08-13 08:00:00,840,377,0.00869890873007531,1
"278","655",2023-08-15,227,2023-08-15 11:00:00,2023-08-15 19:00:00,480,-295,-0.0116759259259259,2023-08-13 19:00:00,2023-08-15 11:00:00,2400,600,0.00365127758420379,1
"279","655",2023-08-16,228,2023-08-16 11:00:00,2023-08-16 18:00:00,420,-284,-0.0133300264548889,2023-08-15 19:00:00,2023-08-16 11:00:00,960,351,0.00684402233109231,1
"280","655",2023-08-17,229,2023-08-17 13:00:00,2023-08-17 18:00:00,300,-92,-0.00622222222240653,2023-08-16 18:00:00,2023-08-17 13:00:00,1140,526,0.00816029657482038,1
"281","655",2023-08-18,230,2023-08-18 08:00:00,2023-08-18 18:00:00,600,-301,-0.00830050505054607,2023-08-17 18:00:00,2023-08-18 08:00:00,840,142,0.00326835317459512,1
"282","655",2023-08-19,231,2023-08-19 10:00:00,2023-08-19 19:00:00,540,-227,-0.00796296296281645,2023-08-18 18:00:00,2023-08-19 10:00:00,960,399,0.00814133986934504,1
"283","655",2023-08-20,232,2023-08-20 11:00:00,2023-08-20 19:00:00,480,-258,-0.0112314814814811,2023-08-19 19:00:00,2023-08-20 11:00:00,960,451,0.00867851307186333,1
"284","655",2023-08-21,233,2023-08-21 09:00:00,2023-08-21 18:00:00,540,-327,-0.0118737373736537,2023-08-20 19:00:00,2023-08-21 09:00:00,840,285,0.00657539682533473,1
"285","655",2023-08-22,234,2023-08-22 08:00:00,2023-08-22 17:00:00,540,-499,-0.0179898989897745,2023-08-21 18:00:00,2023-08-22 08:00:00,840,349,0.00817559523801591,1
"286","655",2023-08-23,235,2023-08-23 09:00:00,2023-08-23 18:00:00,540,-340,-0.01280808080816,2023-08-22 17:00:00,2023-08-23 09:00:00,960,425,0.00870880991298131,1
"287","655",2023-08-24,236,2023-08-24 09:00:00,2023-08-24 18:00:00,540,-223,-0.00808249158254071,2023-08-23 18:00:00,2023-08-24 09:00:00,900,345,0.00745281862745096,1
"288","655",2023-08-25,237,2023-08-25 09:00:00,2023-08-25 18:00:00,540,-325,-0.0120117845116981,2023-08-24 18:00:00,2023-08-25 09:00:00,900,282,0.00615972222222224,1
"289","655",2023-08-26,238,2023-08-26 09:00:00,2023-08-26 19:00:00,600,-303,-0.0106237373737928,2023-08-25 18:00:00,2023-08-26 09:00:00,900,275,0.00592340686274513,1
"290","655",2023-08-27,239,2023-08-27 10:00:00,2023-08-27 18:00:00,480,-350,-0.014574074074074,2023-08-26 19:00:00,2023-08-27 10:00:00,900,299,0.00649223856209154,1
"291","655",2023-08-28,240,2023-08-28 10:00:00,2023-08-28 18:00:00,480,-262,-0.0112175925925926,2023-08-27 18:00:00,2023-08-28 10:00:00,960,394,0.00786424291950356,1
"292","655",2023-08-29,241,2023-08-29 08:00:00,2023-08-29 16:00:00,480,-254,-0.00963425925925892,2023-08-28 18:00:00,2023-08-29 08:00:00,840,361,0.00818849206341495,1
"293","655",2023-08-30,242,2023-08-30 08:00:00,2023-08-30 16:00:00,480,-238,-0.00881944444444411,2023-08-29 16:00:00,2023-08-30 08:00:00,960,376,0.00749727668837046,1
"294","655",2023-09-01,244,2023-09-01 12:00:00,2023-09-01 17:00:00,300,-248,-0.0154920634928398,2023-08-30 16:00:00,2023-09-01 12:00:00,2640,873,0.00642190016103437,1
"295","655",2023-09-02,245,2023-09-02 09:00:00,2023-09-02 19:00:00,600,-193,-0.00626767676764302,2023-09-01 17:00:00,2023-09-02 09:00:00,960,231,0.00477566721130932,1
"296","655",2023-09-03,246,2023-09-03 08:00:00,2023-09-03 17:00:00,540,-317,-0.0111599326598464,2023-09-02 19:00:00,2023-09-03 08:00:00,780,186,0.00459401709402245,1
"297","655",2023-09-04,247,2023-09-04 07:00:00,2023-09-04 18:00:00,660,-268,-0.00851787101810423,2023-09-03 17:00:00,2023-09-04 07:00:00,840,238,0.00527579365078233,1
"298","655",2023-09-05,248,2023-09-05 09:00:00,2023-09-05 17:00:00,480,-321,-0.0135833333333333,2023-09-04 18:00:00,2023-09-05 09:00:00,900,285,0.00599285130718953,1
"299","655",2023-09-06,249,2023-09-06 10:00:00,2023-09-06 18:00:00,480,-219,-0.00933796296296324,2023-09-05 17:00:00,2023-09-06 10:00:00,1020,289,0.00501117991059055,1
"300","655",2023-09-07,250,2023-09-07 09:00:00,2023-09-07 18:00:00,540,-292,-0.011215488215561,2023-09-06 18:00:00,2023-09-07 09:00:00,900,236,0.00482209967320258,1
"301","655",2023-09-08,251,2023-09-08 10:00:00,2023-09-08 18:00:00,480,-271,-0.0115601851851853,2023-09-07 18:00:00,2023-09-08 10:00:00,960,290,0.00554261982568673,1
"302","655",2023-09-09,252,2023-09-09 10:00:00,2023-09-09 17:00:00,420,-280,-0.0130357142853533,2023-09-08 18:00:00,2023-09-09 10:00:00,960,260,0.00509735838769321,1
"303","655",2023-09-10,253,2023-09-10 10:00:00,2023-09-10 18:00:00,480,-280,-0.0117731481481481,2023-09-09 17:00:00,2023-09-10 10:00:00,1020,229,0.00450966058941317,1
"304","655",2023-09-11,254,2023-09-11 10:00:00,2023-09-11 18:00:00,480,-283,-0.0118611111111111,2023-09-10 18:00:00,2023-09-11 10:00:00,960,243,0.004893110021766,1
"305","655",2023-09-12,255,2023-09-12 10:00:00,2023-09-12 18:00:00,480,-308,-0.0128379629629629,2023-09-11 18:00:00,2023-09-12 10:00:00,960,287,0.00573597494554411,1
"306","655",2023-09-13,256,2023-09-13 10:00:00,2023-09-13 17:00:00,420,-205,-0.00995701058191181,2023-09-12 18:00:00,2023-09-13 10:00:00,960,253,0.00504153050106758,1
"307","655",2023-09-14,257,2023-09-14 10:00:00,2023-09-14 18:00:00,480,-278,-0.0113935185185184,2023-09-13 17:00:00,2023-09-14 10:00:00,1020,231,0.00443512785234258,1
"308","655",2023-09-15,258,2023-09-15 11:00:00,2023-09-15 18:00:00,420,-175,-0.00770502645494502,2023-09-14 18:00:00,2023-09-15 11:00:00,1020,178,0.00345659901391916,1
"309","655",2023-09-16,259,2023-09-16 10:00:00,2023-09-16 18:00:00,480,-187,-0.00763888888888882,2023-09-15 18:00:00,2023-09-16 10:00:00,960,165,0.00352396514164355,1
"310","655",2023-09-17,260,2023-09-17 10:00:00,2023-09-17 18:00:00,480,-254,-0.0107222222222221,2023-09-16 18:00:00,2023-09-17 10:00:00,960,221,0.00448052832241936,1
"311","655",2023-09-18,261,2023-09-18 10:00:00,2023-09-18 16:00:00,360,-250,-0.0132341269837614,2023-09-17 18:00:00,2023-09-18 10:00:00,960,172,0.00365740740731959,1
"312","655",2023-09-19,262,2023-09-19 10:00:00,2023-09-19 18:00:00,480,-275,-0.0112407407407407,2023-09-18 16:00:00,2023-09-19 10:00:00,1080,288,0.00535014619880338,1
"313","655",2023-09-20,263,2023-09-20 10:00:00,2023-09-20 17:00:00,420,-154,-0.00688822751315434,2023-09-19 18:00:00,2023-09-20 10:00:00,960,217,0.00447031590414897,1
"314","655",2023-09-21,264,2023-09-21 11:00:00,2023-09-21 19:00:00,480,-92,-0.00356481481481455,2023-09-20 17:00:00,2023-09-21 11:00:00,1080,201,0.00358333333335258,1
"315","655",2023-09-22,265,2023-09-22 10:00:00,2023-09-22 19:00:00,540,-218,-0.00807744107739376,2023-09-21 19:00:00,2023-09-22 10:00:00,900,122,0.00260525599128544,1
"316","655",2023-09-23,266,2023-09-23 09:00:00,2023-09-23 16:00:00,420,-189,-0.00890542328032737,2023-09-22 19:00:00,2023-09-23 09:00:00,840,167,0.00380357142853311,1
"317","655",2023-09-26,269,2023-09-26 12:00:00,2023-09-26 21:00:00,540,-73,-0.00219528619529196,2023-09-23 16:00:00,2023-09-26 12:00:00,4080,798,0.00360302236836878,1
"318","655",2023-09-27,270,2023-09-27 09:00:00,2023-09-27 16:00:00,420,-84,-0.0038855820104533,2023-09-26 21:00:00,2023-09-27 09:00:00,720,100,0.00253434065936855,1
"319","655",2023-09-28,271,2023-09-28 09:00:00,2023-09-28 16:00:00,420,-124,-0.00594246031739384,2023-09-27 16:00:00,2023-09-28 09:00:00,1020,120,0.00215600275199204,1
"320","655",2023-09-30,273,NA,NA,NA,NA,NA,2023-09-28 16:00:00,2023-09-30 10:00:00,2520,235,0.0015645659250297,NA
